Generation,Name,Party,BirthYear,BillCount,BioguideID,OfficialPhotoURL,PhotoURL
Gen X,"Whitesides, George",D,1974.0,5,W000830,https://bioguide.congress.gov/bioguide/photo/W/W000830.jpg,https://bioguide.congress.gov/bioguide/photo/W/W000830.jpg
Gen X,"Fine, Randy",R,1974.0,15,F000484,https://bioguide.congress.gov/bioguide/photo/F/F000484.jpg,https://bioguide.congress.gov/bioguide/photo/F/F000484.jpg
Gen X,"Patronis, Jimmy",R,1972.0,8,P000622,https://bioguide.congress.gov/bioguide/photo/P/P000622.jpg,https://bioguide.congress.gov/bioguide/photo/P/P000622.jpg
Gen X,"Vindman, Eugene Simon",D,1975.0,24,V000138,https://bioguide.congress.gov/bioguide/photo/V/V000138.jpg,https://bioguide.congress.gov/bioguide/photo/V/V000138.jpg
Gen X,"Taylor, David J.",R,1969.0,20,T000490,https://bioguide.congress.gov/bioguide/photo/T/T000490.jpg,https://bioguide.congress.gov/bioguide/photo/T/T000490.jpg
Gen X,"Shreve, Jefferson",R,1965.0,7,S001229,https://bioguide.congress.gov/bioguide/photo/S/S001229.jpg,https://bioguide.congress.gov/bioguide/photo/S/S001229.jpg
Gen X,"Schmidt, Derek",R,1968.0,6,S001228,https://bioguide.congress.gov/bioguide/photo/S/S001228.jpg,https://bioguide.congress.gov/bioguide/photo/S/S001228.jpg
Gen X,"McGuire, John J.",R,1968.0,9,M001239,https://bioguide.congress.gov/bioguide/photo/M/M001239.jpg,https://bioguide.congress.gov/bioguide/photo/M/M001239.jpg
Gen X,"McDonald Rivet, Kristen",D,1970.0,7,M001237,https://bioguide.congress.gov/bioguide/photo/M/M001237.jpg,https://bioguide.congress.gov/bioguide/photo/M/M001237.jpg
Gen X,"Moore, Tim",R,1970.0,15,M001236,https://bioguide.congress.gov/bioguide/photo/M/M001236.jpg,https://bioguide.congress.gov/bioguide/photo/M/M001236.jpg
Gen X,"Moore, Riley M.",R,1980.0,10,M001235,https://bioguide.congress.gov/bioguide/photo/M/M001235.jpg,https://bioguide.congress.gov/bioguide/photo/M/M001235.jpg
Gen X,"Mannion, John W.",D,1968.0,3,M001231,https://bioguide.congress.gov/bioguide/photo/M/M001231.jpg,https://bioguide.congress.gov/bioguide/photo/M/M001231.jpg
Gen X,"Kennedy, Mike",R,1969.0,21,K000403,https://bioguide.congress.gov/bioguide/photo/K/K000403.jpg,https://bioguide.congress.gov/bioguide/photo/K/K000403.jpg
Gen X,"Johnson, Julie",D,1966.0,11,J000310,https://bioguide.congress.gov/bioguide/photo/J/J000310.jpg,https://bioguide.congress.gov/bioguide/photo/J/J000310.jpg
Gen X,"Harris, Mark",R,1966.0,8,H001102,https://bioguide.congress.gov/bioguide/photo/H/H001102.jpg,https://bioguide.congress.gov/bioguide/photo/H/H001102.jpg
Gen X,"Gillen, Laura",D,1969.0,7,G000602,https://bioguide.congress.gov/bioguide/photo/G/G000602.jpg,https://bioguide.congress.gov/bioguide/photo/G/G000602.jpg
Gen X,"Goldman, Craig A.",R,1968.0,5,G000601,https://bioguide.congress.gov/bioguide/photo/G/G000601.jpg,https://bioguide.congress.gov/bioguide/photo/G/G000601.jpg
Gen X,"Friedman, Laura",D,1966.0,7,F000483,https://bioguide.congress.gov/bioguide/photo/F/F000483.jpg,https://bioguide.congress.gov/bioguide/photo/F/F000483.jpg
Gen X,"Fedorchak, Julie",R,1968.0,10,F000482,https://bioguide.congress.gov/bioguide/photo/F/F000482.jpg,https://bioguide.congress.gov/bioguide/photo/F/F000482.jpg
Gen X,"Dexter, Maxine",D,1972.0,6,D000635,https://bioguide.congress.gov/bioguide/photo/D/D000635.jpg,https://bioguide.congress.gov/bioguide/photo/D/D000635.jpg
Gen X,"Downing, Troy",R,1967.0,15,D000634,https://bioguide.congress.gov/bioguide/photo/D/D000634.jpg,https://bioguide.congress.gov/bioguide/photo/D/D000634.jpg
Gen X,"Bynum, Janelle S.",D,1975.0,5,B001326,https://bioguide.congress.gov/bioguide/photo/B/B001326.jpg,https://bioguide.congress.gov/bioguide/photo/B/B001326.jpg
Gen X,"Biggs, Sheri",R,1970.0,7,B001325,https://bioguide.congress.gov/bioguide/photo/B/B001325.jpg,https://bioguide.congress.gov/bioguide/photo/B/B001325.jpg
Gen X,"Baumgartner, Michael",R,1975.0,11,B001322,https://bioguide.congress.gov/bioguide/photo/B/B001322.jpg,https://bioguide.congress.gov/bioguide/photo/B/B001322.jpg
Gen X,"McCormick, Richard",R,1968.0,45,M001218,https://raw.githubusercontent.com/unitedstates/images/gh-pages/congress/225x275/M001218.jpg,https://raw.githubusercontent.com/unitedstates/images/gh-pages/congress/225x275/M001218.jpg
Gen X,"Stutzman, Marlin A.",R,1976.0,34,S001188,https://raw.githubusercontent.com/unitedstates/images/gh-pages/congress/225x275/S001188.jpg,https://raw.githubusercontent.com/unitedstates/images/gh-pages/congress/225x275/S001188.jpg
Gen X,"Morrison, Kelly",D,1969.0,9,M001234,https://bioguide.congress.gov/bioguide/photo/M/M001234.jpg,https://bioguide.congress.gov/bioguide/photo/M/M001234.jpg
Gen X,"Haridopolos, Mike",R,1970.0,2,H001099,https://bioguide.congress.gov/bioguide/photo/H/H001099.jpg,https://bioguide.congress.gov/bioguide/photo/H/H001099.jpg
Gen X,"Crank, Jeff",R,1967.0,4,C001137,https://bioguide.congress.gov/bioguide/photo/C/C001137.jpg,https://bioguide.congress.gov/bioguide/photo/C/C001137.jpg
Gen X,"Bell, Wesley",D,1974.0,12,B001324,https://bioguide.congress.gov/bioguide/photo/B/B001324.jpg,https://bioguide.congress.gov/bioguide/photo/B/B001324.jpg
Gen X,"Wied, Tony",R,1976.0,10,W000829,https://bioguide.congress.gov/bioguide/photo/W/W000829.jpg,https://bioguide.congress.gov/bioguide/photo/W/W000829.jpg
Gen X,"Rulli, Michael A.",R,1969.0,9,R000619,https://bioguide.congress.gov/bioguide/photo/R/R000619.jpg,https://bioguide.congress.gov/bioguide/photo/R/R000619.jpg
Gen X,"Fong, Vince",R,1979.0,13,F000480,https://bioguide.congress.gov/bioguide/photo/F/F000480.jpg,https://bioguide.congress.gov/bioguide/photo/F/F000480.jpg
Gen X,"Kennedy, Timothy M.",D,1976.0,25,K000402,https://bioguide.congress.gov/bioguide/photo/K/K000402.jpg,https://bioguide.congress.gov/bioguide/photo/K/K000402.jpg
Gen X,"McClellan, Jennifer L.",D,1972.0,38,M001227,https://raw.githubusercontent.com/unitedstates/images/gh-pages/congress/225x275/M001227.jpg,https://raw.githubusercontent.com/unitedstates/images/gh-pages/congress/225x275/M001227.jpg
Gen X,"Van Orden, Derrick",R,1969.0,54,V000135,https://raw.githubusercontent.com/unitedstates/images/gh-pages/congress/225x275/V000135.jpg,https://raw.githubusercontent.com/unitedstates/images/gh-pages/congress/225x275/V000135.jpg
Gen X,"Ogles, Andrew",R,1971.0,190,O000175,https://raw.githubusercontent.com/unitedstates/images/gh-pages/congress/225x275/O000175.jpg,https://raw.githubusercontent.com/unitedstates/images/gh-pages/congress/225x275/O000175.jpg
Gen X,"Moran, Nathaniel",R,1974.0,35,M001224,https://raw.githubusercontent.com/unitedstates/images/gh-pages/congress/225x275/M001224.jpg,https://raw.githubusercontent.com/unitedstates/images/gh-pages/congress/225x275/M001224.jpg
Gen X,"Luttrell, Morgan",R,1975.0,41,L000603,https://raw.githubusercontent.com/unitedstates/images/gh-pages/congress/225x275/L000603.jpg,https://raw.githubusercontent.com/unitedstates/images/gh-pages/congress/225x275/L000603.jpg
Gen X,"Kiggans, Jennifer A.",R,1971.0,60,K000399,https://raw.githubusercontent.com/unitedstates/images/gh-pages/congress/225x275/K000399.jpg,https://raw.githubusercontent.com/unitedstates/images/gh-pages/congress/225x275/K000399.jpg
Gen X,"De La Cruz, Monica",R,1974.0,52,D000594,https://raw.githubusercontent.com/unitedstates/images/gh-pages/congress/225x275/D000594.jpg,https://raw.githubusercontent.com/unitedstates/images/gh-pages/congress/225x275/D000594.jpg
Gen X,"Balint, Becca",D,1968.0,32,B001318,https://raw.githubusercontent.com/unitedstates/images/gh-pages/congress/225x275/B001318.jpg,https://raw.githubusercontent.com/unitedstates/images/gh-pages/congress/225x275/B001318.jpg
Gen X,"Moore, Barry",R,1966.0,52,M001212,https://raw.githubusercontent.com/unitedstates/images/gh-pages/congress/225x275/M001212.jpg,https://raw.githubusercontent.com/unitedstates/images/gh-pages/congress/225x275/M001212.jpg
Gen X,"Greene, Marjorie Taylor",R,1974.0,109,G000596,https://raw.githubusercontent.com/unitedstates/images/gh-pages/congress/225x275/G000596.jpg,https://raw.githubusercontent.com/unitedstates/images/gh-pages/congress/225x275/G000596.jpg
Gen X,"Cisneros, Gilbert Ray",D,1971.0,23,C001123,https://raw.githubusercontent.com/unitedstates/images/gh-pages/congress/225x275/C001123.jpg,https://raw.githubusercontent.com/unitedstates/images/gh-pages/congress/225x275/C001123.jpg
Gen X,"Gonzalez, Vicente",D,1967.0,47,G000581,https://raw.githubusercontent.com/unitedstates/images/gh-pages/congress/225x275/G000581.jpg,https://raw.githubusercontent.com/unitedstates/images/gh-pages/congress/225x275/G000581.jpg
Gen X,"Tokuda, Jill N.",D,1976.0,55,T000487,https://raw.githubusercontent.com/unitedstates/images/gh-pages/congress/225x275/T000487.jpg,https://raw.githubusercontent.com/unitedstates/images/gh-pages/congress/225x275/T000487.jpg
Gen X,"Sorensen, Eric",D,1976.0,19,S001225,https://raw.githubusercontent.com/unitedstates/images/gh-pages/congress/225x275/S001225.jpg,https://raw.githubusercontent.com/unitedstates/images/gh-pages/congress/225x275/S001225.jpg
Gen X,"Salinas, Andrea",D,1969.0,41,S001226,https://raw.githubusercontent.com/unitedstates/images/gh-pages/congress/225x275/S001226.jpg,https://raw.githubusercontent.com/unitedstates/images/gh-pages/congress/225x275/S001226.jpg
Gen X,"Nunn, Zachary",R,1979.0,105,N000193,https://raw.githubusercontent.com/unitedstates/images/gh-pages/congress/225x275/N000193.jpg,https://raw.githubusercontent.com/unitedstates/images/gh-pages/congress/225x275/N000193.jpg
Gen X,"Moskowitz, Jared",D,1980.0,29,M001217,https://bioguide.congress.gov/bioguide/photo/M/M001217.jpg,https://bioguide.congress.gov/bioguide/photo/M/M001217.jpg
Gen X,"Mills, Cory",R,1980.0,38,M001216,https://raw.githubusercontent.com/unitedstates/images/gh-pages/congress/225x275/M001216.jpg,https://raw.githubusercontent.com/unitedstates/images/gh-pages/congress/225x275/M001216.jpg
Gen X,"McGarvey, Morgan",D,1979.0,36,M001220,https://raw.githubusercontent.com/unitedstates/images/gh-pages/congress/225x275/M001220.jpg,https://raw.githubusercontent.com/unitedstates/images/gh-pages/congress/225x275/M001220.jpg
Gen X,"Lee, Laurel M.",R,1974.0,35,L000597,https://raw.githubusercontent.com/unitedstates/images/gh-pages/congress/225x275/L000597.jpg,https://raw.githubusercontent.com/unitedstates/images/gh-pages/congress/225x275/L000597.jpg
Gen X,"Landsman, Greg",D,1976.0,31,L000601,https://bioguide.congress.gov/bioguide/photo/L/L000601.jpg,https://bioguide.congress.gov/bioguide/photo/L/L000601.jpg
Gen X,"LaLota, Nick",R,1978.0,58,L000598,https://raw.githubusercontent.com/unitedstates/images/gh-pages/congress/225x275/L000598.jpg,https://raw.githubusercontent.com/unitedstates/images/gh-pages/congress/225x275/L000598.jpg
Gen X,"Kean, Thomas H.",R,1968.0,39,K000398,https://raw.githubusercontent.com/unitedstates/images/gh-pages/congress/225x275/K000398.jpg,https://raw.githubusercontent.com/unitedstates/images/gh-pages/congress/225x275/K000398.jpg
Gen X,"Jackson, Jonathan L.",D,1966.0,11,J000309,https://bioguide.congress.gov/bioguide/photo/J/J000309.jpg,https://bioguide.congress.gov/bioguide/photo/J/J000309.jpg
Gen X,"Houchin, Erin",R,1976.0,49,H001093,https://raw.githubusercontent.com/unitedstates/images/gh-pages/congress/225x275/H001093.jpg,https://raw.githubusercontent.com/unitedstates/images/gh-pages/congress/225x275/H001093.jpg
Gen X,"Goldman, Daniel S.",D,1976.0,38,G000599,https://raw.githubusercontent.com/unitedstates/images/gh-pages/congress/225x275/G000599.jpg,https://raw.githubusercontent.com/unitedstates/images/gh-pages/congress/225x275/G000599.jpg
Gen X,"Davis, Donald G.",D,1971.0,47,D000230,https://raw.githubusercontent.com/unitedstates/images/gh-pages/congress/225x275/D000230.jpg,https://raw.githubusercontent.com/unitedstates/images/gh-pages/congress/225x275/D000230.jpg
Gen X,"Collins, Mike",R,1967.0,25,C001129,https://raw.githubusercontent.com/unitedstates/images/gh-pages/congress/225x275/C001129.jpg,https://raw.githubusercontent.com/unitedstates/images/gh-pages/congress/225x275/C001129.jpg
Gen X,"Burlison, Eric",R,1976.0,45,B001316,https://raw.githubusercontent.com/unitedstates/images/gh-pages/congress/225x275/B001316.jpg,https://raw.githubusercontent.com/unitedstates/images/gh-pages/congress/225x275/B001316.jpg
Gen X,"Budzinski, Nikki",D,1977.0,27,B001315,https://raw.githubusercontent.com/unitedstates/images/gh-pages/congress/225x275/B001315.jpg,https://raw.githubusercontent.com/unitedstates/images/gh-pages/congress/225x275/B001315.jpg
Gen X,"Brecheen, Josh",R,1979.0,44,B001317,https://raw.githubusercontent.com/unitedstates/images/gh-pages/congress/225x275/B001317.jpg,https://raw.githubusercontent.com/unitedstates/images/gh-pages/congress/225x275/B001317.jpg
Gen X,"McClain, Lisa C.",R,1966.0,64,M001136,https://raw.githubusercontent.com/unitedstates/images/gh-pages/congress/225x275/M001136.jpg,https://raw.githubusercontent.com/unitedstates/images/gh-pages/congress/225x275/M001136.jpg
Gen X,"Tlaib, Rashida",D,1976.0,115,T000481,https://raw.githubusercontent.com/unitedstates/images/gh-pages/congress/225x275/T000481.jpg,https://raw.githubusercontent.com/unitedstates/images/gh-pages/congress/225x275/T000481.jpg
Gen X,"Mast, Brian J.",R,1980.0,141,M001199,https://raw.githubusercontent.com/unitedstates/images/gh-pages/congress/225x275/M001199.jpg,https://raw.githubusercontent.com/unitedstates/images/gh-pages/congress/225x275/M001199.jpg
Gen X,"LaHood, Darin",R,1968.0,129,L000585,https://raw.githubusercontent.com/unitedstates/images/gh-pages/congress/225x275/L000585.jpg,https://raw.githubusercontent.com/unitedstates/images/gh-pages/congress/225x275/L000585.jpg
Gen X,"Hudson, Richard",R,1971.0,140,H001067,https://raw.githubusercontent.com/unitedstates/images/gh-pages/congress/225x275/H001067.jpg,https://raw.githubusercontent.com/unitedstates/images/gh-pages/congress/225x275/H001067.jpg
Gen X,"Huizenga, Bill",R,1969.0,161,H001058,https://raw.githubusercontent.com/unitedstates/images/gh-pages/congress/225x275/H001058.jpg,https://raw.githubusercontent.com/unitedstates/images/gh-pages/congress/225x275/H001058.jpg
Gen X,"Wasserman Schultz, Debbie",D,1966.0,167,W000797,https://raw.githubusercontent.com/unitedstates/images/gh-pages/congress/225x275/W000797.jpg,https://raw.githubusercontent.com/unitedstates/images/gh-pages/congress/225x275/W000797.jpg
Gen X,"Strong, Dale W.",R,1970.0,27,S001220,https://raw.githubusercontent.com/unitedstates/images/gh-pages/congress/225x275/S001220.jpg,https://raw.githubusercontent.com/unitedstates/images/gh-pages/congress/225x275/S001220.jpg
Gen X,"Mullin, Kevin",D,1970.0,23,M001225,https://raw.githubusercontent.com/unitedstates/images/gh-pages/congress/225x275/M001225.jpg,https://raw.githubusercontent.com/unitedstates/images/gh-pages/congress/225x275/M001225.jpg
Gen X,"Kamlager-Dove, Sydney",D,1972.0,54,K000400,https://raw.githubusercontent.com/unitedstates/images/gh-pages/congress/225x275/K000400.jpg,https://raw.githubusercontent.com/unitedstates/images/gh-pages/congress/225x275/K000400.jpg
Gen X,"Garcia, Robert",D,1977.0,40,G000598,https://raw.githubusercontent.com/unitedstates/images/gh-pages/congress/225x275/G000598.jpg,https://raw.githubusercontent.com/unitedstates/images/gh-pages/congress/225x275/G000598.jpg
Gen X,"Crane, Elijah",R,1980.0,44,C001132,https://raw.githubusercontent.com/unitedstates/images/gh-pages/congress/225x275/C001132.jpg,https://raw.githubusercontent.com/unitedstates/images/gh-pages/congress/225x275/C001132.jpg
Gen X,"Bean, Aaron",R,1967.0,36,B001314,https://raw.githubusercontent.com/unitedstates/images/gh-pages/congress/225x275/B001314.jpg,https://raw.githubusercontent.com/unitedstates/images/gh-pages/congress/225x275/B001314.jpg
Gen X,"Finstad, Brad",R,1976.0,49,F000475,https://raw.githubusercontent.com/unitedstates/images/gh-pages/congress/225x275/F000475.jpg,https://raw.githubusercontent.com/unitedstates/images/gh-pages/congress/225x275/F000475.jpg
Gen X,"Flood, Mike",R,1975.0,36,F000474,https://raw.githubusercontent.com/unitedstates/images/gh-pages/congress/225x275/F000474.jpg,https://raw.githubusercontent.com/unitedstates/images/gh-pages/congress/225x275/F000474.jpg
Gen X,"Cherfilus-McCormick, Sheila",D,1979.0,37,C001127,https://raw.githubusercontent.com/unitedstates/images/gh-pages/congress/225x275/C001127.jpg,https://raw.githubusercontent.com/unitedstates/images/gh-pages/congress/225x275/C001127.jpg
Gen X,"Carey, Mike",R,1971.0,48,C001126,https://raw.githubusercontent.com/unitedstates/images/gh-pages/congress/225x275/C001126.jpg,https://raw.githubusercontent.com/unitedstates/images/gh-pages/congress/225x275/C001126.jpg
Gen X,"Brown, Shontel M.",D,1975.0,32,B001313,https://raw.githubusercontent.com/unitedstates/images/gh-pages/congress/225x275/B001313.jpg,https://raw.githubusercontent.com/unitedstates/images/gh-pages/congress/225x275/B001313.jpg
Gen X,"Ellzey, Jake",R,1970.0,9,E000071,https://raw.githubusercontent.com/unitedstates/images/gh-pages/congress/225x275/E000071.jpg,https://raw.githubusercontent.com/unitedstates/images/gh-pages/congress/225x275/E000071.jpg
Gen X,"Stansbury, Melanie A.",D,1979.0,39,S001218,https://raw.githubusercontent.com/unitedstates/images/gh-pages/congress/225x275/S001218.jpg,https://raw.githubusercontent.com/unitedstates/images/gh-pages/congress/225x275/S001218.jpg
Gen X,"Obernolte, Jay",R,1970.0,62,O000019,https://raw.githubusercontent.com/unitedstates/images/gh-pages/congress/225x275/O000019.jpg,https://raw.githubusercontent.com/unitedstates/images/gh-pages/congress/225x275/O000019.jpg
Gen X,"Van Duyne, Beth",R,1970.0,97,V000134,https://raw.githubusercontent.com/unitedstates/images/gh-pages/congress/225x275/V000134.jpg,https://raw.githubusercontent.com/unitedstates/images/gh-pages/congress/225x275/V000134.jpg
Gen X,"Nehls, Troy E.",R,1968.0,81,N000026,https://raw.githubusercontent.com/unitedstates/images/gh-pages/congress/225x275/N000026.jpg,https://raw.githubusercontent.com/unitedstates/images/gh-pages/congress/225x275/N000026.jpg
Gen X,"Moore, Blake D.",R,1980.0,76,M001213,https://raw.githubusercontent.com/unitedstates/images/gh-pages/congress/225x275/M001213.jpg,https://raw.githubusercontent.com/unitedstates/images/gh-pages/congress/225x275/M001213.jpg
Gen X,"Jackson, Ronny",R,1967.0,89,J000304,https://raw.githubusercontent.com/unitedstates/images/gh-pages/congress/225x275/J000304.jpg,https://raw.githubusercontent.com/unitedstates/images/gh-pages/congress/225x275/J000304.jpg
Gen X,"Gonzales, Tony",R,1980.0,81,G000594,https://raw.githubusercontent.com/unitedstates/images/gh-pages/congress/225x275/G000594.jpg,https://raw.githubusercontent.com/unitedstates/images/gh-pages/congress/225x275/G000594.jpg
Gen X,"Stanton, Greg",D,1970.0,69,S001211,https://raw.githubusercontent.com/unitedstates/images/gh-pages/congress/225x275/S001211.jpg,https://raw.githubusercontent.com/unitedstates/images/gh-pages/congress/225x275/S001211.jpg
Gen X,"Panetta, Jimmy",D,1969.0,207,P000613,https://raw.githubusercontent.com/unitedstates/images/gh-pages/congress/225x275/P000613.jpg,https://raw.githubusercontent.com/unitedstates/images/gh-pages/congress/225x275/P000613.jpg
Gen X,"Lieu, Ted",D,1969.0,253,L000582,https://raw.githubusercontent.com/unitedstates/images/gh-pages/congress/225x275/L000582.jpg,https://raw.githubusercontent.com/unitedstates/images/gh-pages/congress/225x275/L000582.jpg
Gen X,"Aguilar, Pete",D,1979.0,88,A000371,https://raw.githubusercontent.com/unitedstates/images/gh-pages/congress/225x275/A000371.jpg,https://raw.githubusercontent.com/unitedstates/images/gh-pages/congress/225x275/A000371.jpg
Gen X,"Ruiz, Raul",D,1972.0,265,R000599,https://raw.githubusercontent.com/unitedstates/images/gh-pages/congress/225x275/R000599.jpg,https://raw.githubusercontent.com/unitedstates/images/gh-pages/congress/225x275/R000599.jpg
Gen X,"Valadao, David G.",R,1977.0,75,V000129,https://raw.githubusercontent.com/unitedstates/images/gh-pages/congress/225x275/V000129.jpg,https://raw.githubusercontent.com/unitedstates/images/gh-pages/congress/225x275/V000129.jpg
Gen X,"Swalwell, Eric",D,1980.0,105,S001193,https://raw.githubusercontent.com/unitedstates/images/gh-pages/congress/225x275/S001193.jpg,https://raw.githubusercontent.com/unitedstates/images/gh-pages/congress/225x275/S001193.jpg
Gen X,"Bera, Ami",D,1965.0,108,B001287,https://raw.githubusercontent.com/unitedstates/images/gh-pages/congress/225x275/B001287.jpg,https://raw.githubusercontent.com/unitedstates/images/gh-pages/congress/225x275/B001287.jpg
Gen X,"Williams, Nikema",D,1978.0,136,W000788,https://raw.githubusercontent.com/unitedstates/images/gh-pages/congress/225x275/W000788.jpg,https://raw.githubusercontent.com/unitedstates/images/gh-pages/congress/225x275/W000788.jpg
Gen X,"Spartz, Victoria",R,1978.0,41,S000929,https://raw.githubusercontent.com/unitedstates/images/gh-pages/congress/225x275/S000929.jpg,https://raw.githubusercontent.com/unitedstates/images/gh-pages/congress/225x275/S000929.jpg
Gen X,"Pfluger, August",R,1977.0,141,P000048,https://raw.githubusercontent.com/unitedstates/images/gh-pages/congress/225x275/P000048.jpg,https://raw.githubusercontent.com/unitedstates/images/gh-pages/congress/225x275/P000048.jpg
Gen X,"Mrvan, Frank J.",D,1969.0,16,M001214,https://raw.githubusercontent.com/unitedstates/images/gh-pages/congress/225x275/M001214.jpg,https://raw.githubusercontent.com/unitedstates/images/gh-pages/congress/225x275/M001214.jpg
Gen X,"Mann, Tracey",R,1976.0,64,M000871,https://raw.githubusercontent.com/unitedstates/images/gh-pages/congress/225x275/M000871.jpg,https://raw.githubusercontent.com/unitedstates/images/gh-pages/congress/225x275/M000871.jpg
Gen X,"Malliotakis, Nicole",R,1980.0,126,M000317,https://raw.githubusercontent.com/unitedstates/images/gh-pages/congress/225x275/M000317.jpg,https://raw.githubusercontent.com/unitedstates/images/gh-pages/congress/225x275/M000317.jpg
Gen X,"Mace, Nancy",R,1977.0,162,M000194,https://raw.githubusercontent.com/unitedstates/images/gh-pages/congress/225x275/M000194.jpg,https://raw.githubusercontent.com/unitedstates/images/gh-pages/congress/225x275/M000194.jpg
Gen X,"Fischbach, Michelle",R,1965.0,59,F000470,https://raw.githubusercontent.com/unitedstates/images/gh-pages/congress/225x275/F000470.jpg,https://raw.githubusercontent.com/unitedstates/images/gh-pages/congress/225x275/F000470.jpg
Gen X,"Feenstra, Randy",R,1969.0,96,F000446,https://raw.githubusercontent.com/unitedstates/images/gh-pages/congress/225x275/F000446.jpg,https://raw.githubusercontent.com/unitedstates/images/gh-pages/congress/225x275/F000446.jpg
Gen X,"Fallon, Pat",R,1967.0,58,F000246,https://raw.githubusercontent.com/unitedstates/images/gh-pages/congress/225x275/F000246.jpg,https://raw.githubusercontent.com/unitedstates/images/gh-pages/congress/225x275/F000246.jpg
Gen X,"Donalds, Byron",R,1978.0,140,D000032,https://raw.githubusercontent.com/unitedstates/images/gh-pages/congress/225x275/D000032.jpg,https://raw.githubusercontent.com/unitedstates/images/gh-pages/congress/225x275/D000032.jpg
Gen X,"Bice, Stephanie I.",R,1973.0,75,B000740,https://raw.githubusercontent.com/unitedstates/images/gh-pages/congress/225x275/B000740.jpg,https://raw.githubusercontent.com/unitedstates/images/gh-pages/congress/225x275/B000740.jpg
Gen X,"Schrier, Kim",D,1968.0,93,S001216,https://raw.githubusercontent.com/unitedstates/images/gh-pages/congress/225x275/S001216.jpg,https://raw.githubusercontent.com/unitedstates/images/gh-pages/congress/225x275/S001216.jpg
Gen X,"Cline, Ben",R,1972.0,47,C001118,https://raw.githubusercontent.com/unitedstates/images/gh-pages/congress/225x275/C001118.jpg,https://raw.githubusercontent.com/unitedstates/images/gh-pages/congress/225x275/C001118.jpg
Gen X,"Roy, Chip",R,1972.0,202,R000614,https://raw.githubusercontent.com/unitedstates/images/gh-pages/congress/225x275/R000614.jpg,https://raw.githubusercontent.com/unitedstates/images/gh-pages/congress/225x275/R000614.jpg
Gen X,"Escobar, Veronica",D,1969.0,69,E000299,https://raw.githubusercontent.com/unitedstates/images/gh-pages/congress/225x275/E000299.jpg,https://raw.githubusercontent.com/unitedstates/images/gh-pages/congress/225x275/E000299.jpg
Gen X,"Fletcher, Lizzie",D,1975.0,55,F000468,https://raw.githubusercontent.com/unitedstates/images/gh-pages/congress/225x275/F000468.jpg,https://raw.githubusercontent.com/unitedstates/images/gh-pages/congress/225x275/F000468.jpg
Gen X,"Rose, John W.",R,1965.0,39,R000612,https://raw.githubusercontent.com/unitedstates/images/gh-pages/congress/225x275/R000612.jpg,https://raw.githubusercontent.com/unitedstates/images/gh-pages/congress/225x275/R000612.jpg
Gen X,"Johnson, Dusty",R,1976.0,121,J000301,https://raw.githubusercontent.com/unitedstates/images/gh-pages/congress/225x275/J000301.jpg,https://raw.githubusercontent.com/unitedstates/images/gh-pages/congress/225x275/J000301.jpg
Gen X,"Houlahan, Chrissy",D,1967.0,104,H001085,https://raw.githubusercontent.com/unitedstates/images/gh-pages/congress/225x275/H001085.jpg,https://raw.githubusercontent.com/unitedstates/images/gh-pages/congress/225x275/H001085.jpg
Gen X,"Craig, Angie",D,1972.0,110,C001119,https://raw.githubusercontent.com/unitedstates/images/gh-pages/congress/225x275/C001119.jpg,https://raw.githubusercontent.com/unitedstates/images/gh-pages/congress/225x275/C001119.jpg
Gen X,"Boyle, Brendan F.",D,1977.0,126,B001296,https://raw.githubusercontent.com/unitedstates/images/gh-pages/congress/225x275/B001296.jpg,https://raw.githubusercontent.com/unitedstates/images/gh-pages/congress/225x275/B001296.jpg
Gen X,"Lee, Susie",D,1966.0,85,L000590,https://raw.githubusercontent.com/unitedstates/images/gh-pages/congress/225x275/L000590.jpg,https://raw.githubusercontent.com/unitedstates/images/gh-pages/congress/225x275/L000590.jpg
Gen X,"Sherrill, Mikie",D,1972.0,118,S001207,https://raw.githubusercontent.com/unitedstates/images/gh-pages/congress/225x275/S001207.jpg,https://raw.githubusercontent.com/unitedstates/images/gh-pages/congress/225x275/S001207.jpg
Gen X,"Pappas, Chris",D,1980.0,140,P000614,https://raw.githubusercontent.com/unitedstates/images/gh-pages/congress/225x275/P000614.jpg,https://raw.githubusercontent.com/unitedstates/images/gh-pages/congress/225x275/P000614.jpg
Gen X,"Guest, Michael",R,1970.0,50,G000591,https://raw.githubusercontent.com/unitedstates/images/gh-pages/congress/225x275/G000591.jpg,https://raw.githubusercontent.com/unitedstates/images/gh-pages/congress/225x275/G000591.jpg
Gen X,"Stauber, Pete",R,1966.0,91,S001212,https://raw.githubusercontent.com/unitedstates/images/gh-pages/congress/225x275/S001212.jpg,https://raw.githubusercontent.com/unitedstates/images/gh-pages/congress/225x275/S001212.jpg
Gen X,"Pressley, Ayanna",D,1974.0,134,P000617,https://raw.githubusercontent.com/unitedstates/images/gh-pages/congress/225x275/P000617.jpg,https://raw.githubusercontent.com/unitedstates/images/gh-pages/congress/225x275/P000617.jpg
Gen X,"Trahan, Lori",D,1973.0,68,T000482,https://raw.githubusercontent.com/unitedstates/images/gh-pages/congress/225x275/T000482.jpg,https://raw.githubusercontent.com/unitedstates/images/gh-pages/congress/225x275/T000482.jpg
Gen X,"Davids, Sharice",D,1980.0,57,D000629,https://raw.githubusercontent.com/unitedstates/images/gh-pages/congress/225x275/D000629.jpg,https://raw.githubusercontent.com/unitedstates/images/gh-pages/congress/225x275/D000629.jpg
Gen X,"Casten, Sean",D,1971.0,122,C001117,https://raw.githubusercontent.com/unitedstates/images/gh-pages/congress/225x275/C001117.jpg,https://raw.githubusercontent.com/unitedstates/images/gh-pages/congress/225x275/C001117.jpg
Gen X,"Steube, W. Gregory",R,1978.0,243,S001214,https://raw.githubusercontent.com/unitedstates/images/gh-pages/congress/225x275/S001214.jpg,https://raw.githubusercontent.com/unitedstates/images/gh-pages/congress/225x275/S001214.jpg
Gen X,"Hayes, Jahana",D,1973.0,114,H001081,https://raw.githubusercontent.com/unitedstates/images/gh-pages/congress/225x275/H001081.jpg,https://raw.githubusercontent.com/unitedstates/images/gh-pages/congress/225x275/H001081.jpg
Gen X,"Crow, Jason",D,1979.0,147,C001121,https://raw.githubusercontent.com/unitedstates/images/gh-pages/congress/225x275/C001121.jpg,https://raw.githubusercontent.com/unitedstates/images/gh-pages/congress/225x275/C001121.jpg
Gen X,"Levin, Mike",D,1978.0,112,L000593,https://raw.githubusercontent.com/unitedstates/images/gh-pages/congress/225x275/L000593.jpg,https://raw.githubusercontent.com/unitedstates/images/gh-pages/congress/225x275/L000593.jpg
Gen X,"Cloud, Michael",R,1975.0,66,C001115,https://raw.githubusercontent.com/unitedstates/images/gh-pages/congress/225x275/C001115.jpg,https://raw.githubusercontent.com/unitedstates/images/gh-pages/congress/225x275/C001115.jpg
Gen X,"Gomez, Jimmy",D,1974.0,81,G000585,https://raw.githubusercontent.com/unitedstates/images/gh-pages/congress/225x275/G000585.jpg,https://raw.githubusercontent.com/unitedstates/images/gh-pages/congress/225x275/G000585.jpg
Gen X,"Jayapal, Pramila",D,1965.0,174,J000298,https://raw.githubusercontent.com/unitedstates/images/gh-pages/congress/225x275/J000298.jpg,https://raw.githubusercontent.com/unitedstates/images/gh-pages/congress/225x275/J000298.jpg
Gen X,"Arrington, Jodey C.",R,1972.0,178,A000375,https://raw.githubusercontent.com/unitedstates/images/gh-pages/congress/225x275/A000375.jpg,https://raw.githubusercontent.com/unitedstates/images/gh-pages/congress/225x275/A000375.jpg
Gen X,"Kustoff, David",R,1966.0,102,K000392,https://raw.githubusercontent.com/unitedstates/images/gh-pages/congress/225x275/K000392.jpg,https://raw.githubusercontent.com/unitedstates/images/gh-pages/congress/225x275/K000392.jpg
Gen X,"Fitzpatrick, Brian K.",R,1973.0,223,F000466,https://raw.githubusercontent.com/unitedstates/images/gh-pages/congress/225x275/F000466.jpg,https://raw.githubusercontent.com/unitedstates/images/gh-pages/congress/225x275/F000466.jpg
Gen X,"Gottheimer, Josh",D,1975.0,169,G000583,https://raw.githubusercontent.com/unitedstates/images/gh-pages/congress/225x275/G000583.jpg,https://raw.githubusercontent.com/unitedstates/images/gh-pages/congress/225x275/G000583.jpg
Gen X,"Johnson, Mike",R,1972.0,74,J000299,https://raw.githubusercontent.com/unitedstates/images/gh-pages/congress/225x275/J000299.jpg,https://raw.githubusercontent.com/unitedstates/images/gh-pages/congress/225x275/J000299.jpg
Gen X,"Krishnamoorthi, Raja",D,1973.0,145,K000391,https://raw.githubusercontent.com/unitedstates/images/gh-pages/congress/225x275/K000391.jpg,https://raw.githubusercontent.com/unitedstates/images/gh-pages/congress/225x275/K000391.jpg
Gen X,"Soto, Darren",D,1978.0,147,S001200,https://raw.githubusercontent.com/unitedstates/images/gh-pages/congress/225x275/S001200.jpg,https://raw.githubusercontent.com/unitedstates/images/gh-pages/congress/225x275/S001200.jpg
Gen X,"Barragán, Nanette Diaz",D,1976.0,116,B001300,https://raw.githubusercontent.com/unitedstates/images/gh-pages/congress/225x275/B001300.jpg,https://raw.githubusercontent.com/unitedstates/images/gh-pages/congress/225x275/B001300.jpg
Gen X,"Horsford, Steven",D,1973.0,104,H001066,https://raw.githubusercontent.com/unitedstates/images/gh-pages/congress/225x275/H001066.jpg,https://raw.githubusercontent.com/unitedstates/images/gh-pages/congress/225x275/H001066.jpg
Gen X,"Min, Dave",D,1976.0,10,M001241,https://bioguide.congress.gov/bioguide/photo/M/M001241.jpg,https://bioguide.congress.gov/bioguide/photo/M/M001241.jpg
Gen X,"Hurd, Jeff",R,1979.0,12,H001100,https://bioguide.congress.gov/bioguide/photo/H/H001100.jpg,https://bioguide.congress.gov/bioguide/photo/H/H001100.jpg
Gen X,"Khanna, Ro",D,1976.0,167,K000389,https://raw.githubusercontent.com/unitedstates/images/gh-pages/congress/225x275/K000389.jpg,https://raw.githubusercontent.com/unitedstates/images/gh-pages/congress/225x275/K000389.jpg
Gen X,"Comer, James",R,1972.0,47,C001108,https://raw.githubusercontent.com/unitedstates/images/gh-pages/congress/225x275/C001108.jpg,https://raw.githubusercontent.com/unitedstates/images/gh-pages/congress/225x275/C001108.jpg
Gen X,"Davidson, Warren",R,1970.0,148,D000626,https://raw.githubusercontent.com/unitedstates/images/gh-pages/congress/225x275/D000626.jpg,https://raw.githubusercontent.com/unitedstates/images/gh-pages/congress/225x275/D000626.jpg
Gen X,"Kelly, Trent",R,1966.0,67,K000388,https://raw.githubusercontent.com/unitedstates/images/gh-pages/congress/225x275/K000388.jpg,https://raw.githubusercontent.com/unitedstates/images/gh-pages/congress/225x275/K000388.jpg
Gen X,"Plaskett, Stacey E.",D,1966.0,132,P000610,https://raw.githubusercontent.com/unitedstates/images/gh-pages/congress/225x275/P000610.jpg,https://raw.githubusercontent.com/unitedstates/images/gh-pages/congress/225x275/P000610.jpg
Gen X,"Rouzer, David",R,1972.0,95,R000603,https://raw.githubusercontent.com/unitedstates/images/gh-pages/congress/225x275/R000603.jpg,https://raw.githubusercontent.com/unitedstates/images/gh-pages/congress/225x275/R000603.jpg
Gen X,"Moulton, Seth",D,1978.0,96,M001196,https://raw.githubusercontent.com/unitedstates/images/gh-pages/congress/225x275/M001196.jpg,https://raw.githubusercontent.com/unitedstates/images/gh-pages/congress/225x275/M001196.jpg
Gen X,"Torres, Norma J.",D,1965.0,179,T000474,https://raw.githubusercontent.com/unitedstates/images/gh-pages/congress/225x275/T000474.jpg,https://raw.githubusercontent.com/unitedstates/images/gh-pages/congress/225x275/T000474.jpg
Gen X,"Westerman, Bruce",R,1967.0,88,W000821,https://raw.githubusercontent.com/unitedstates/images/gh-pages/congress/225x275/W000821.jpg,https://raw.githubusercontent.com/unitedstates/images/gh-pages/congress/225x275/W000821.jpg
Gen X,"Smith, Jason",R,1980.0,121,S001195,https://raw.githubusercontent.com/unitedstates/images/gh-pages/congress/225x275/S001195.jpg,https://raw.githubusercontent.com/unitedstates/images/gh-pages/congress/225x275/S001195.jpg
Gen X,"Barr, Andy",R,1973.0,198,B001282,https://raw.githubusercontent.com/unitedstates/images/gh-pages/congress/225x275/B001282.jpg,https://raw.githubusercontent.com/unitedstates/images/gh-pages/congress/225x275/B001282.jpg
Gen X,"Veasey, Marc A.",D,1971.0,122,V000131,https://raw.githubusercontent.com/unitedstates/images/gh-pages/congress/225x275/V000131.jpg,https://raw.githubusercontent.com/unitedstates/images/gh-pages/congress/225x275/V000131.jpg
Gen X,"Castro, Joaquin",D,1974.0,177,C001091,https://raw.githubusercontent.com/unitedstates/images/gh-pages/congress/225x275/C001091.jpg,https://raw.githubusercontent.com/unitedstates/images/gh-pages/congress/225x275/C001091.jpg
Gen X,"Jeffries, Hakeem S.",D,1970.0,133,J000294,https://raw.githubusercontent.com/unitedstates/images/gh-pages/congress/225x275/J000294.jpg,https://raw.githubusercontent.com/unitedstates/images/gh-pages/congress/225x275/J000294.jpg
Gen X,"Meng, Grace",D,1975.0,304,M001188,https://raw.githubusercontent.com/unitedstates/images/gh-pages/congress/225x275/M001188.jpg,https://raw.githubusercontent.com/unitedstates/images/gh-pages/congress/225x275/M001188.jpg
Gen X,"Massie, Thomas",R,1971.0,110,M001184,https://raw.githubusercontent.com/unitedstates/images/gh-pages/congress/225x275/M001184.jpg,https://raw.githubusercontent.com/unitedstates/images/gh-pages/congress/225x275/M001184.jpg
Gen X,"Scott, Austin",R,1969.0,73,S001189,https://raw.githubusercontent.com/unitedstates/images/gh-pages/congress/225x275/S001189.jpg,https://raw.githubusercontent.com/unitedstates/images/gh-pages/congress/225x275/S001189.jpg
Gen X,"Crawford, Eric A. ""Rick""",R,1966.0,136,C001087,https://raw.githubusercontent.com/unitedstates/images/gh-pages/congress/225x275/C001087.jpg,https://raw.githubusercontent.com/unitedstates/images/gh-pages/congress/225x275/C001087.jpg
Gen X,"Sewell, Terri A.",D,1965.0,118,S001185,https://raw.githubusercontent.com/unitedstates/images/gh-pages/congress/225x275/S001185.jpg,https://raw.githubusercontent.com/unitedstates/images/gh-pages/congress/225x275/S001185.jpg
Gen X,"Castor, Kathy",D,1966.0,203,C001066,https://raw.githubusercontent.com/unitedstates/images/gh-pages/congress/225x275/C001066.jpg,https://raw.githubusercontent.com/unitedstates/images/gh-pages/congress/225x275/C001066.jpg
Gen X,"Himes, James A.",D,1966.0,109,H001047,https://raw.githubusercontent.com/unitedstates/images/gh-pages/congress/225x275/H001047.jpg,https://raw.githubusercontent.com/unitedstates/images/gh-pages/congress/225x275/H001047.jpg
Gen X,"Scalise, Steve",R,1965.0,110,S001176,https://raw.githubusercontent.com/unitedstates/images/gh-pages/congress/225x275/S001176.jpg,https://raw.githubusercontent.com/unitedstates/images/gh-pages/congress/225x275/S001176.jpg
Gen X,"Carson, André",D,1974.0,167,C001072,https://raw.githubusercontent.com/unitedstates/images/gh-pages/congress/225x275/C001072.jpg,https://raw.githubusercontent.com/unitedstates/images/gh-pages/congress/225x275/C001072.jpg
Gen X,"Sánchez, Linda T.",D,1969.0,242,S001156,https://raw.githubusercontent.com/unitedstates/images/gh-pages/congress/225x275/S001156.jpg,https://raw.githubusercontent.com/unitedstates/images/gh-pages/congress/225x275/S001156.jpg
Gen X,"Simon, Lateefah",D,1977.0,2,S001231,https://bioguide.congress.gov/bioguide/photo/S/S001231.jpg,https://bioguide.congress.gov/bioguide/photo/S/S001231.jpg
Gen X,"Rivas, Luz M.",D,1974.0,4,R000620,https://bioguide.congress.gov/bioguide/photo/R/R000620.jpg,https://bioguide.congress.gov/bioguide/photo/R/R000620.jpg
Gen X,"Liccardo, Sam T.",D,1970.0,10,L000607,https://bioguide.congress.gov/bioguide/photo/L/L000607.jpg,https://bioguide.congress.gov/bioguide/photo/L/L000607.jpg
Gen X,"Gray, Adam",D,1977.0,4,G000605,https://bioguide.congress.gov/bioguide/photo/G/G000605.jpg,https://bioguide.congress.gov/bioguide/photo/G/G000605.jpg
Gen X,"Begich, Nicholas J.",R,1977.0,19,B001323,https://bioguide.congress.gov/bioguide/photo/B/B001323.jpg,https://bioguide.congress.gov/bioguide/photo/B/B001323.jpg
Gen X,"Smith, Adrian",R,1970.0,132,S001172,https://raw.githubusercontent.com/unitedstates/images/gh-pages/congress/225x275/S001172.jpg,https://raw.githubusercontent.com/unitedstates/images/gh-pages/congress/225x275/S001172.jpg
Gen X,"Smith, Adam",D,1965.0,227,S000510,https://raw.githubusercontent.com/unitedstates/images/gh-pages/congress/225x275/S000510.jpg,https://raw.githubusercontent.com/unitedstates/images/gh-pages/congress/225x275/S000510.jpg
Gen X,"Aderholt, Robert B.",R,1965.0,100,A000055,https://raw.githubusercontent.com/unitedstates/images/gh-pages/congress/225x275/A000055.jpg,https://raw.githubusercontent.com/unitedstates/images/gh-pages/congress/225x275/A000055.jpg
Gen X,"Larsen, Rick",D,1965.0,172,L000560,https://raw.githubusercontent.com/unitedstates/images/gh-pages/congress/225x275/L000560.jpg,https://raw.githubusercontent.com/unitedstates/images/gh-pages/congress/225x275/L000560.jpg
Gen X,"Young, Todd",R,1972.0,397,Y000064,https://raw.githubusercontent.com/unitedstates/images/gh-pages/congress/225x275/Y000064.jpg,https://raw.githubusercontent.com/unitedstates/images/gh-pages/congress/225x275/Y000064.jpg
Gen X,"Warnock, Raphael G.",D,1969.0,209,W000790,https://raw.githubusercontent.com/unitedstates/images/gh-pages/congress/225x275/W000790.jpg,https://raw.githubusercontent.com/unitedstates/images/gh-pages/congress/225x275/W000790.jpg
Gen X,"Slotkin, Elissa",D,1976.0,188,S001208,https://raw.githubusercontent.com/unitedstates/images/gh-pages/congress/225x275/S001208.jpg,https://raw.githubusercontent.com/unitedstates/images/gh-pages/congress/225x275/S001208.jpg
Gen X,"Schmitt, Eric",R,1975.0,92,S001227,https://raw.githubusercontent.com/unitedstates/images/gh-pages/congress/225x275/S001227.jpg,https://raw.githubusercontent.com/unitedstates/images/gh-pages/congress/225x275/S001227.jpg
Gen X,"Scott, Tim",R,1965.0,437,S001184,https://raw.githubusercontent.com/unitedstates/images/gh-pages/congress/225x275/S001184.jpg,https://raw.githubusercontent.com/unitedstates/images/gh-pages/congress/225x275/S001184.jpg
Gen X,"Schatz, Brian",D,1972.0,673,S001194,https://raw.githubusercontent.com/unitedstates/images/gh-pages/congress/225x275/S001194.jpg,https://raw.githubusercontent.com/unitedstates/images/gh-pages/congress/225x275/S001194.jpg
Gen X,"Padilla, Alex",D,1973.0,465,P000145,https://raw.githubusercontent.com/unitedstates/images/gh-pages/congress/225x275/P000145.jpg,https://raw.githubusercontent.com/unitedstates/images/gh-pages/congress/225x275/P000145.jpg
Gen X,"Mullin, Markwayne",R,1977.0,156,M001190,https://raw.githubusercontent.com/unitedstates/images/gh-pages/congress/225x275/M001190.jpg,https://raw.githubusercontent.com/unitedstates/images/gh-pages/congress/225x275/M001190.jpg
Gen X,"Murphy, Christopher",D,1973.0,557,M001169,https://raw.githubusercontent.com/unitedstates/images/gh-pages/congress/225x275/M001169.jpg,https://raw.githubusercontent.com/unitedstates/images/gh-pages/congress/225x275/M001169.jpg
Gen X,"Moody, Ashley",R,1975.0,20,M001244,,https://via.placeholder.com/225x275/C23B22/FFFFFF?text=MA
Gen X,"McCormick, David",R,1965.0,26,M001243,https://bioguide.congress.gov/bioguide/photo/M/M001243.jpg,https://bioguide.congress.gov/bioguide/photo/M/M001243.jpg
Gen X,"Moreno, Bernie",R,1967.0,23,M001242,https://bioguide.congress.gov/bioguide/photo/M/M001242.jpg,https://bioguide.congress.gov/bioguide/photo/M/M001242.jpg
Gen X,"Lee, Mike",R,1971.0,2033,L000577,https://raw.githubusercontent.com/unitedstates/images/gh-pages/congress/225x275/L000577.jpg,https://raw.githubusercontent.com/unitedstates/images/gh-pages/congress/225x275/L000577.jpg
Gen X,"Luján, Ben Ray",D,1972.0,445,L000570,https://raw.githubusercontent.com/unitedstates/images/gh-pages/congress/225x275/L000570.jpg,https://raw.githubusercontent.com/unitedstates/images/gh-pages/congress/225x275/L000570.jpg
Gen X,"Lankford, James",R,1968.0,639,L000575,https://raw.githubusercontent.com/unitedstates/images/gh-pages/congress/225x275/L000575.jpg,https://raw.githubusercontent.com/unitedstates/images/gh-pages/congress/225x275/L000575.jpg
Gen X,"Husted, Jon",R,1967.0,24,H001104,https://bioguide.congress.gov/bioguide/photo/H/H001104.jpg,https://bioguide.congress.gov/bioguide/photo/H/H001104.jpg
Gen X,"Heinrich, Martin",D,1971.0,522,H001046,https://raw.githubusercontent.com/unitedstates/images/gh-pages/congress/225x275/H001046.jpg,https://raw.githubusercontent.com/unitedstates/images/gh-pages/congress/225x275/H001046.jpg
Gen X,"Hawley, Josh",R,1979.0,320,H001089,https://raw.githubusercontent.com/unitedstates/images/gh-pages/congress/225x275/H001089.jpg,https://raw.githubusercontent.com/unitedstates/images/gh-pages/congress/225x275/H001089.jpg
Gen X,"Fetterman, John",D,1969.0,66,F000479,https://raw.githubusercontent.com/unitedstates/images/gh-pages/congress/225x275/F000479.jpg,https://raw.githubusercontent.com/unitedstates/images/gh-pages/congress/225x275/F000479.jpg
Gen X,"Gallego, Ruben",D,1979.0,189,G000574,https://raw.githubusercontent.com/unitedstates/images/gh-pages/congress/225x275/G000574.jpg,https://raw.githubusercontent.com/unitedstates/images/gh-pages/congress/225x275/G000574.jpg
Gen X,"Gillibrand, Kirsten E.",D,1966.0,878,G000555,https://raw.githubusercontent.com/unitedstates/images/gh-pages/congress/225x275/G000555.jpg,https://raw.githubusercontent.com/unitedstates/images/gh-pages/congress/225x275/G000555.jpg
Gen X,"Ernst, Joni",R,1970.0,625,E000295,https://raw.githubusercontent.com/unitedstates/images/gh-pages/congress/225x275/E000295.jpg,https://raw.githubusercontent.com/unitedstates/images/gh-pages/congress/225x275/E000295.jpg
Gen X,"Duckworth, Tammy",D,1968.0,520,D000622,https://raw.githubusercontent.com/unitedstates/images/gh-pages/congress/225x275/D000622.jpg,https://raw.githubusercontent.com/unitedstates/images/gh-pages/congress/225x275/D000622.jpg
Gen X,"Cruz, Ted",R,1970.0,1062,C001098,https://raw.githubusercontent.com/unitedstates/images/gh-pages/congress/225x275/C001098.jpg,https://raw.githubusercontent.com/unitedstates/images/gh-pages/congress/225x275/C001098.jpg
Gen X,"Cotton, Tom",R,1977.0,532,C001095,https://raw.githubusercontent.com/unitedstates/images/gh-pages/congress/225x275/C001095.jpg,https://raw.githubusercontent.com/unitedstates/images/gh-pages/congress/225x275/C001095.jpg
Gen X,"Budd, Ted",R,1971.0,230,B001305,https://raw.githubusercontent.com/unitedstates/images/gh-pages/congress/225x275/B001305.jpg,https://raw.githubusercontent.com/unitedstates/images/gh-pages/congress/225x275/B001305.jpg
Gen X,"Booker, Cory A.",D,1969.0,929,B001288,https://raw.githubusercontent.com/unitedstates/images/gh-pages/congress/225x275/B001288.jpg,https://raw.githubusercontent.com/unitedstates/images/gh-pages/congress/225x275/B001288.jpg
Gen X,"Alsobrooks, Angela D.",D,1971.0,35,A000382,https://bioguide.congress.gov/bioguide/photo/A/A000382.jpg,https://bioguide.congress.gov/bioguide/photo/A/A000382.jpg
Gen X,"Banks, Jim",R,1979.0,229,B001299,https://raw.githubusercontent.com/unitedstates/images/gh-pages/congress/225x275/B001299.jpg,https://raw.githubusercontent.com/unitedstates/images/gh-pages/congress/225x275/B001299.jpg
Millennial,"Subramanyam, Suhas",D,1986.0,17,S001230,https://bioguide.congress.gov/bioguide/photo/S/S001230.jpg,https://bioguide.congress.gov/bioguide/photo/S/S001230.jpg
Millennial,"Riley, Josh",D,1981.0,8,R000622,https://bioguide.congress.gov/bioguide/photo/R/R000622.jpg,https://bioguide.congress.gov/bioguide/photo/R/R000622.jpg
Millennial,"Olszewski, Johnny",D,1982.0,6,O000176,https://bioguide.congress.gov/bioguide/photo/O/O000176.jpg,https://bioguide.congress.gov/bioguide/photo/O/O000176.jpg
Millennial,"McDowell, Addison P.",R,1994.0,8,M001240,https://bioguide.congress.gov/bioguide/photo/M/M001240.jpg,https://bioguide.congress.gov/bioguide/photo/M/M001240.jpg
Millennial,"Mackenzie, Ryan",R,1982.0,7,M001230,https://bioguide.congress.gov/bioguide/photo/M/M001230.jpg,https://bioguide.congress.gov/bioguide/photo/M/M001230.jpg
Millennial,"Knott, Brad",R,1986.0,2,K000405,https://bioguide.congress.gov/bioguide/photo/K/K000405.jpg,https://bioguide.congress.gov/bioguide/photo/K/K000405.jpg
Millennial,"Hernández, Pablo Jose",D,1991.0,15,H001103,https://bioguide.congress.gov/bioguide/photo/H/H001103.jpg,https://bioguide.congress.gov/bioguide/photo/H/H001103.jpg
Millennial,"Harrigan, Pat",R,1987.0,9,H001101,https://bioguide.congress.gov/bioguide/photo/H/H001101.jpg,https://bioguide.congress.gov/bioguide/photo/H/H001101.jpg
Millennial,"Goodlander, Maggie",D,1986.0,4,G000604,https://bioguide.congress.gov/bioguide/photo/G/G000604.jpg,https://bioguide.congress.gov/bioguide/photo/G/G000604.jpg
Millennial,"Gill, Brandon",R,1994.0,15,G000603,https://bioguide.congress.gov/bioguide/photo/G/G000603.jpg,https://bioguide.congress.gov/bioguide/photo/G/G000603.jpg
Millennial,"Elfreth, Sarah",D,1988.0,4,E000301,https://bioguide.congress.gov/bioguide/photo/E/E000301.jpg,https://bioguide.congress.gov/bioguide/photo/E/E000301.jpg
Millennial,"Bresnahan, Robert P.",R,1990.0,12,B001327,https://bioguide.congress.gov/bioguide/photo/B/B001327.jpg,https://bioguide.congress.gov/bioguide/photo/B/B001327.jpg
Millennial,"Barrett, Tom",R,1981.0,14,B001321,https://bioguide.congress.gov/bioguide/photo/B/B001321.jpg,https://bioguide.congress.gov/bioguide/photo/B/B001321.jpg
Millennial,"McBride, Sarah",D,1990.0,3,M001238,https://bioguide.congress.gov/bioguide/photo/M/M001238.jpg,https://bioguide.congress.gov/bioguide/photo/M/M001238.jpg
Millennial,"Jack, Brian",R,1988.0,4,J000311,https://bioguide.congress.gov/bioguide/photo/J/J000311.jpg,https://bioguide.congress.gov/bioguide/photo/J/J000311.jpg
Millennial,"Figures, Shomari",D,1985.0,8,F000481,https://bioguide.congress.gov/bioguide/photo/F/F000481.jpg,https://bioguide.congress.gov/bioguide/photo/F/F000481.jpg
Millennial,"Evans, Gabe",R,1986.0,14,E000300,https://bioguide.congress.gov/bioguide/photo/E/E000300.jpg,https://bioguide.congress.gov/bioguide/photo/E/E000300.jpg
Millennial,"McIver, LaMonica",D,1986.0,7,M001229,https://bioguide.congress.gov/bioguide/photo/M/M001229.jpg,https://bioguide.congress.gov/bioguide/photo/M/M001229.jpg
Millennial,"Maloy, Celeste",R,1981.0,32,M001228,https://raw.githubusercontent.com/unitedstates/images/gh-pages/congress/225x275/M001228.jpg,https://raw.githubusercontent.com/unitedstates/images/gh-pages/congress/225x275/M001228.jpg
Millennial,"Amo, Gabe",D,1987.0,15,A000380,https://raw.githubusercontent.com/unitedstates/images/gh-pages/congress/225x275/A000380.jpg,https://raw.githubusercontent.com/unitedstates/images/gh-pages/congress/225x275/A000380.jpg
Millennial,"Perez, Marie Gluesenkamp",D,1988.0,50,G000600,https://raw.githubusercontent.com/unitedstates/images/gh-pages/congress/225x275/G000600.jpg,https://raw.githubusercontent.com/unitedstates/images/gh-pages/congress/225x275/G000600.jpg
Millennial,"Magaziner, Seth",D,1983.0,38,M001223,https://raw.githubusercontent.com/unitedstates/images/gh-pages/congress/225x275/M001223.jpg,https://raw.githubusercontent.com/unitedstates/images/gh-pages/congress/225x275/M001223.jpg
Millennial,"Lee, Summer L.",D,1987.0,32,L000602,https://bioguide.congress.gov/bioguide/photo/L/L000602.jpg,https://bioguide.congress.gov/bioguide/photo/L/L000602.jpg
Millennial,"Hunt, Wesley",R,1981.0,18,H001095,https://raw.githubusercontent.com/unitedstates/images/gh-pages/congress/225x275/H001095.jpg,https://raw.githubusercontent.com/unitedstates/images/gh-pages/congress/225x275/H001095.jpg
Millennial,"Fry, Russell",R,1985.0,28,F000478,https://raw.githubusercontent.com/unitedstates/images/gh-pages/congress/225x275/F000478.jpg,https://raw.githubusercontent.com/unitedstates/images/gh-pages/congress/225x275/F000478.jpg
Millennial,"Deluzio, Christopher R.",D,1984.0,40,D000530,https://raw.githubusercontent.com/unitedstates/images/gh-pages/congress/225x275/D000530.jpg,https://raw.githubusercontent.com/unitedstates/images/gh-pages/congress/225x275/D000530.jpg
Millennial,"Crockett, Jasmine",D,1981.0,37,C001130,https://raw.githubusercontent.com/unitedstates/images/gh-pages/congress/225x275/C001130.jpg,https://raw.githubusercontent.com/unitedstates/images/gh-pages/congress/225x275/C001130.jpg
Millennial,"Casar, Greg",D,1989.0,10,C001131,https://raw.githubusercontent.com/unitedstates/images/gh-pages/congress/225x275/C001131.jpg,https://raw.githubusercontent.com/unitedstates/images/gh-pages/congress/225x275/C001131.jpg
Millennial,"Boebert, Lauren",R,1986.0,146,B000825,https://raw.githubusercontent.com/unitedstates/images/gh-pages/congress/225x275/B000825.jpg,https://raw.githubusercontent.com/unitedstates/images/gh-pages/congress/225x275/B000825.jpg
Millennial,"Vasquez, Gabe",D,1984.0,54,V000136,https://raw.githubusercontent.com/unitedstates/images/gh-pages/congress/225x275/V000136.jpg,https://raw.githubusercontent.com/unitedstates/images/gh-pages/congress/225x275/V000136.jpg
Millennial,"Sykes, Emilia Strong",D,1986.0,51,S001223,https://raw.githubusercontent.com/unitedstates/images/gh-pages/congress/225x275/S001223.jpg,https://raw.githubusercontent.com/unitedstates/images/gh-pages/congress/225x275/S001223.jpg
Millennial,"Scholten, Hillary J.",D,1982.0,26,S001221,https://raw.githubusercontent.com/unitedstates/images/gh-pages/congress/225x275/S001221.jpg,https://raw.githubusercontent.com/unitedstates/images/gh-pages/congress/225x275/S001221.jpg
Millennial,"Ramirez, Delia C.",D,1983.0,30,R000617,https://raw.githubusercontent.com/unitedstates/images/gh-pages/congress/225x275/R000617.jpg,https://raw.githubusercontent.com/unitedstates/images/gh-pages/congress/225x275/R000617.jpg
Millennial,"Miller, Max L.",R,1988.0,30,M001222,https://bioguide.congress.gov/bioguide/photo/M/M001222.jpg,https://bioguide.congress.gov/bioguide/photo/M/M001222.jpg
Millennial,"Menendez, Robert",D,1985.0,22,M001226,https://raw.githubusercontent.com/unitedstates/images/gh-pages/congress/225x275/M001226.jpg,https://raw.githubusercontent.com/unitedstates/images/gh-pages/congress/225x275/M001226.jpg
Millennial,"Luna, Anna Paulina",R,1989.0,62,L000596,https://bioguide.congress.gov/bioguide/photo/L/L000596.jpg,https://bioguide.congress.gov/bioguide/photo/L/L000596.jpg
Millennial,"Lawler, Michael",R,1986.0,133,L000599,https://bioguide.congress.gov/bioguide/photo/L/L000599.jpg,https://bioguide.congress.gov/bioguide/photo/L/L000599.jpg
Millennial,"Langworthy, Nicholas A.",R,1981.0,65,L000600,https://raw.githubusercontent.com/unitedstates/images/gh-pages/congress/225x275/L000600.jpg,https://raw.githubusercontent.com/unitedstates/images/gh-pages/congress/225x275/L000600.jpg
Millennial,"James, John",R,1981.0,52,J000307,https://bioguide.congress.gov/bioguide/photo/J/J000307.jpg,https://bioguide.congress.gov/bioguide/photo/J/J000307.jpg
Millennial,"Ryan, Patrick",D,1982.0,34,R000579,https://raw.githubusercontent.com/unitedstates/images/gh-pages/congress/225x275/R000579.jpg,https://raw.githubusercontent.com/unitedstates/images/gh-pages/congress/225x275/R000579.jpg
Millennial,"Hinson, Ashley",R,1983.0,76,H001091,https://raw.githubusercontent.com/unitedstates/images/gh-pages/congress/225x275/H001091.jpg,https://raw.githubusercontent.com/unitedstates/images/gh-pages/congress/225x275/H001091.jpg
Millennial,"Pettersen, Brittany",D,1981.0,45,P000620,https://raw.githubusercontent.com/unitedstates/images/gh-pages/congress/225x275/P000620.jpg,https://raw.githubusercontent.com/unitedstates/images/gh-pages/congress/225x275/P000620.jpg
Millennial,"Kiley, Kevin",R,1985.0,36,K000401,https://raw.githubusercontent.com/unitedstates/images/gh-pages/congress/225x275/K000401.jpg,https://raw.githubusercontent.com/unitedstates/images/gh-pages/congress/225x275/K000401.jpg
Millennial,"Ciscomani, Juan",R,1982.0,52,C001133,https://raw.githubusercontent.com/unitedstates/images/gh-pages/congress/225x275/C001133.jpg,https://raw.githubusercontent.com/unitedstates/images/gh-pages/congress/225x275/C001133.jpg
Millennial,"Yakym, Rudy",R,1984.0,37,Y000067,https://raw.githubusercontent.com/unitedstates/images/gh-pages/congress/225x275/Y000067.jpg,https://raw.githubusercontent.com/unitedstates/images/gh-pages/congress/225x275/Y000067.jpg
Millennial,"Letlow, Julia",R,1981.0,20,L000595,https://raw.githubusercontent.com/unitedstates/images/gh-pages/congress/225x275/L000595.jpg,https://raw.githubusercontent.com/unitedstates/images/gh-pages/congress/225x275/L000595.jpg
Millennial,"Jacobs, Sara",D,1989.0,63,J000305,https://raw.githubusercontent.com/unitedstates/images/gh-pages/congress/225x275/J000305.jpg,https://raw.githubusercontent.com/unitedstates/images/gh-pages/congress/225x275/J000305.jpg
Millennial,"Harder, Josh",D,1986.0,139,H001090,https://raw.githubusercontent.com/unitedstates/images/gh-pages/congress/225x275/H001090.jpg,https://raw.githubusercontent.com/unitedstates/images/gh-pages/congress/225x275/H001090.jpg
Millennial,"Torres, Ritchie",D,1988.0,146,T000486,https://raw.githubusercontent.com/unitedstates/images/gh-pages/congress/225x275/T000486.jpg,https://raw.githubusercontent.com/unitedstates/images/gh-pages/congress/225x275/T000486.jpg
Millennial,"Garbarino, Andrew R.",R,1984.0,87,G000597,https://raw.githubusercontent.com/unitedstates/images/gh-pages/congress/225x275/G000597.jpg,https://raw.githubusercontent.com/unitedstates/images/gh-pages/congress/225x275/G000597.jpg
Millennial,"Cammack, Kat",R,1988.0,65,C001039,https://raw.githubusercontent.com/unitedstates/images/gh-pages/congress/225x275/C001039.jpg,https://raw.githubusercontent.com/unitedstates/images/gh-pages/congress/225x275/C001039.jpg
Millennial,"Auchincloss, Jake",D,1988.0,15,A000148,https://raw.githubusercontent.com/unitedstates/images/gh-pages/congress/225x275/A000148.jpg,https://raw.githubusercontent.com/unitedstates/images/gh-pages/congress/225x275/A000148.jpg
Millennial,"Golden, Jared F.",D,1982.0,86,G000592,https://raw.githubusercontent.com/unitedstates/images/gh-pages/congress/225x275/G000592.jpg,https://raw.githubusercontent.com/unitedstates/images/gh-pages/congress/225x275/G000592.jpg
Millennial,"Steil, Bryan",R,1981.0,85,S001213,https://raw.githubusercontent.com/unitedstates/images/gh-pages/congress/225x275/S001213.jpg,https://raw.githubusercontent.com/unitedstates/images/gh-pages/congress/225x275/S001213.jpg
Millennial,"Gooden, Lance",R,1982.0,60,G000589,https://raw.githubusercontent.com/unitedstates/images/gh-pages/congress/225x275/G000589.jpg,https://raw.githubusercontent.com/unitedstates/images/gh-pages/congress/225x275/G000589.jpg
Millennial,"Crenshaw, Dan",R,1984.0,92,C001120,https://raw.githubusercontent.com/unitedstates/images/gh-pages/congress/225x275/C001120.jpg,https://raw.githubusercontent.com/unitedstates/images/gh-pages/congress/225x275/C001120.jpg
Millennial,"Timmons, William R.",R,1984.0,35,T000480,https://raw.githubusercontent.com/unitedstates/images/gh-pages/congress/225x275/T000480.jpg,https://raw.githubusercontent.com/unitedstates/images/gh-pages/congress/225x275/T000480.jpg
Millennial,"Reschenthaler, Guy",R,1983.0,57,R000610,https://raw.githubusercontent.com/unitedstates/images/gh-pages/congress/225x275/R000610.jpg,https://raw.githubusercontent.com/unitedstates/images/gh-pages/congress/225x275/R000610.jpg
Millennial,"Walkinshaw, James R.",D,1982.0,2,W000831,https://bioguide.congress.gov/bioguide/photo/W/W000831.jpg,https://bioguide.congress.gov/bioguide/photo/W/W000831.jpg
Millennial,"Ocasio-Cortez, Alexandria",D,1989.0,70,O000172,https://raw.githubusercontent.com/unitedstates/images/gh-pages/congress/225x275/O000172.jpg,https://raw.githubusercontent.com/unitedstates/images/gh-pages/congress/225x275/O000172.jpg
Millennial,"Omar, Ilhan",D,1982.0,122,O000173,https://raw.githubusercontent.com/unitedstates/images/gh-pages/congress/225x275/O000173.jpg,https://raw.githubusercontent.com/unitedstates/images/gh-pages/congress/225x275/O000173.jpg
Millennial,"Stevens, Haley M.",D,1983.0,99,S001215,https://raw.githubusercontent.com/unitedstates/images/gh-pages/congress/225x275/S001215.jpg,https://raw.githubusercontent.com/unitedstates/images/gh-pages/congress/225x275/S001215.jpg
Millennial,"Underwood, Lauren",D,1986.0,110,U000040,https://raw.githubusercontent.com/unitedstates/images/gh-pages/congress/225x275/U000040.jpg,https://raw.githubusercontent.com/unitedstates/images/gh-pages/congress/225x275/U000040.jpg
Millennial,"Neguse, Joe",D,1984.0,330,N000191,https://raw.githubusercontent.com/unitedstates/images/gh-pages/congress/225x275/N000191.jpg,https://raw.githubusercontent.com/unitedstates/images/gh-pages/congress/225x275/N000191.jpg
Millennial,"Stefanik, Elise M.",R,1984.0,189,S001196,https://raw.githubusercontent.com/unitedstates/images/gh-pages/congress/225x275/S001196.jpg,https://raw.githubusercontent.com/unitedstates/images/gh-pages/congress/225x275/S001196.jpg
Millennial,"Tran, Derek",D,1982.0,6,T000491,https://bioguide.congress.gov/bioguide/photo/T/T000491.jpg,https://bioguide.congress.gov/bioguide/photo/T/T000491.jpg
Millennial,"Randall, Emily",D,1985.0,8,R000621,https://bioguide.congress.gov/bioguide/photo/R/R000621.jpg,https://bioguide.congress.gov/bioguide/photo/R/R000621.jpg
Millennial,"Hamadeh, Abraham J.",R,1991.0,12,H001098,https://bioguide.congress.gov/bioguide/photo/H/H001098.jpg,https://bioguide.congress.gov/bioguide/photo/H/H001098.jpg
Millennial,"Ansari, Yassamin",D,1992.0,20,A000381,https://bioguide.congress.gov/bioguide/photo/A/A000381.jpg,https://bioguide.congress.gov/bioguide/photo/A/A000381.jpg
Millennial,"Sheehy, Tim",R,1985.0,43,S001232,https://bioguide.congress.gov/bioguide/photo/S/S001232.jpg,https://bioguide.congress.gov/bioguide/photo/S/S001232.jpg
Millennial,"Ossoff, Jon",D,1987.0,214,O000174,https://raw.githubusercontent.com/unitedstates/images/gh-pages/congress/225x275/O000174.jpg,https://raw.githubusercontent.com/unitedstates/images/gh-pages/congress/225x275/O000174.jpg
Millennial,"Kim, Andy",D,1982.0,156,K000394,https://raw.githubusercontent.com/unitedstates/images/gh-pages/congress/225x275/K000394.jpg,https://raw.githubusercontent.com/unitedstates/images/gh-pages/congress/225x275/K000394.jpg
Millennial,"Britt, Katie Boyd",R,1982.0,43,B001319,https://bioguide.congress.gov/bioguide/photo/B/B001319.jpg,https://bioguide.congress.gov/bioguide/photo/B/B001319.jpg
Baby Boomer,"Pou, Nellie",D,1956.0,4,P000621,https://bioguide.congress.gov/bioguide/photo/P/P000621.jpg,https://bioguide.congress.gov/bioguide/photo/P/P000621.jpg
Baby Boomer,"Messmer, Mark B.",R,1962.0,6,M001233,https://bioguide.congress.gov/bioguide/photo/M/M001233.jpg,https://bioguide.congress.gov/bioguide/photo/M/M001233.jpg
Baby Boomer,"McClain Delaney, April",D,1964.0,7,M001232,https://bioguide.congress.gov/bioguide/photo/M/M001232.jpg,https://bioguide.congress.gov/bioguide/photo/M/M001232.jpg
Baby Boomer,"Latimer, George",D,1953.0,1,L000606,https://bioguide.congress.gov/bioguide/photo/L/L000606.jpg,https://bioguide.congress.gov/bioguide/photo/L/L000606.jpg
Baby Boomer,"Conaway, Herbert C.",D,1963.0,7,C001136,https://bioguide.congress.gov/bioguide/photo/C/C001136.jpg,https://bioguide.congress.gov/bioguide/photo/C/C001136.jpg
Baby Boomer,"Fields, Cleo",D,1962.0,21,F000110,https://bioguide.congress.gov/bioguide/photo/F/F000110.jpg,https://bioguide.congress.gov/bioguide/photo/F/F000110.jpg
Baby Boomer,"Onder, Robert F.",R,1962.0,11,O000177,https://bioguide.congress.gov/bioguide/photo/O/O000177.jpg,https://bioguide.congress.gov/bioguide/photo/O/O000177.jpg
Baby Boomer,"Self, Keith",R,1953.0,57,S001224,https://raw.githubusercontent.com/unitedstates/images/gh-pages/congress/225x275/S001224.jpg,https://raw.githubusercontent.com/unitedstates/images/gh-pages/congress/225x275/S001224.jpg
Baby Boomer,"Hageman, Harriet M.",R,1962.0,112,H001096,https://raw.githubusercontent.com/unitedstates/images/gh-pages/congress/225x275/H001096.jpg,https://raw.githubusercontent.com/unitedstates/images/gh-pages/congress/225x275/H001096.jpg
Baby Boomer,"Franklin, Scott",R,1964.0,41,F000472,https://raw.githubusercontent.com/unitedstates/images/gh-pages/congress/225x275/F000472.jpg,https://raw.githubusercontent.com/unitedstates/images/gh-pages/congress/225x275/F000472.jpg
Baby Boomer,"Miller, Carol D.",R,1950.0,87,M001205,https://raw.githubusercontent.com/unitedstates/images/gh-pages/congress/225x275/M001205.jpg,https://raw.githubusercontent.com/unitedstates/images/gh-pages/congress/225x275/M001205.jpg
Baby Boomer,"McBath, Lucy",D,1960.0,66,M001208,https://raw.githubusercontent.com/unitedstates/images/gh-pages/congress/225x275/M001208.jpg,https://raw.githubusercontent.com/unitedstates/images/gh-pages/congress/225x275/M001208.jpg
Baby Boomer,"Scanlon, Mary Gay",D,1959.0,103,S001205,https://raw.githubusercontent.com/unitedstates/images/gh-pages/congress/225x275/S001205.jpg,https://raw.githubusercontent.com/unitedstates/images/gh-pages/congress/225x275/S001205.jpg
Baby Boomer,"Suozzi, Thomas R.",D,1962.0,70,S001201,https://raw.githubusercontent.com/unitedstates/images/gh-pages/congress/225x275/S001201.jpg,https://raw.githubusercontent.com/unitedstates/images/gh-pages/congress/225x275/S001201.jpg
Baby Boomer,"Green, Al",D,1947.0,350,G000553,https://raw.githubusercontent.com/unitedstates/images/gh-pages/congress/225x275/G000553.jpg,https://raw.githubusercontent.com/unitedstates/images/gh-pages/congress/225x275/G000553.jpg
Baby Boomer,"Doggett, Lloyd",D,1946.0,257,D000399,https://raw.githubusercontent.com/unitedstates/images/gh-pages/congress/225x275/D000399.jpg,https://raw.githubusercontent.com/unitedstates/images/gh-pages/congress/225x275/D000399.jpg
Baby Boomer,"Thanedar, Shri",D,1955.0,46,T000488,https://raw.githubusercontent.com/unitedstates/images/gh-pages/congress/225x275/T000488.jpg,https://raw.githubusercontent.com/unitedstates/images/gh-pages/congress/225x275/T000488.jpg
Baby Boomer,"Moylan, James C.",R,1962.0,47,M001219,https://raw.githubusercontent.com/unitedstates/images/gh-pages/congress/225x275/M001219.jpg,https://raw.githubusercontent.com/unitedstates/images/gh-pages/congress/225x275/M001219.jpg
Baby Boomer,"Ivey, Glenn",D,1961.0,10,I000058,https://raw.githubusercontent.com/unitedstates/images/gh-pages/congress/225x275/I000058.jpg,https://raw.githubusercontent.com/unitedstates/images/gh-pages/congress/225x275/I000058.jpg
Baby Boomer,"Hoyle, Val T.",D,1964.0,20,H001094,https://raw.githubusercontent.com/unitedstates/images/gh-pages/congress/225x275/H001094.jpg,https://raw.githubusercontent.com/unitedstates/images/gh-pages/congress/225x275/H001094.jpg
Baby Boomer,"Foushee, Valerie P.",D,1956.0,17,F000477,https://raw.githubusercontent.com/unitedstates/images/gh-pages/congress/225x275/F000477.jpg,https://raw.githubusercontent.com/unitedstates/images/gh-pages/congress/225x275/F000477.jpg
Baby Boomer,"Ezell, Mike",R,1959.0,35,E000235,https://raw.githubusercontent.com/unitedstates/images/gh-pages/congress/225x275/E000235.jpg,https://raw.githubusercontent.com/unitedstates/images/gh-pages/congress/225x275/E000235.jpg
Baby Boomer,"Edwards, Chuck",R,1960.0,39,E000246,https://raw.githubusercontent.com/unitedstates/images/gh-pages/congress/225x275/E000246.jpg,https://raw.githubusercontent.com/unitedstates/images/gh-pages/congress/225x275/E000246.jpg
Baby Boomer,"Alford, Mark",R,1963.0,38,A000379,https://raw.githubusercontent.com/unitedstates/images/gh-pages/congress/225x275/A000379.jpg,https://raw.githubusercontent.com/unitedstates/images/gh-pages/congress/225x275/A000379.jpg
Baby Boomer,"Miller-Meeks, Mariannette",R,1955.0,113,M001215,https://raw.githubusercontent.com/unitedstates/images/gh-pages/congress/225x275/M001215.jpg,https://raw.githubusercontent.com/unitedstates/images/gh-pages/congress/225x275/M001215.jpg
Baby Boomer,"Gimenez, Carlos A.",R,1954.0,53,G000593,https://raw.githubusercontent.com/unitedstates/images/gh-pages/congress/225x275/G000593.jpg,https://raw.githubusercontent.com/unitedstates/images/gh-pages/congress/225x275/G000593.jpg
Baby Boomer,"Tenney, Claudia",R,1961.0,217,T000478,https://raw.githubusercontent.com/unitedstates/images/gh-pages/congress/225x275/T000478.jpg,https://raw.githubusercontent.com/unitedstates/images/gh-pages/congress/225x275/T000478.jpg
Baby Boomer,"Rutherford, John H.",R,1952.0,46,R000609,https://raw.githubusercontent.com/unitedstates/images/gh-pages/congress/225x275/R000609.jpg,https://raw.githubusercontent.com/unitedstates/images/gh-pages/congress/225x275/R000609.jpg
Baby Boomer,"Zinke, Ryan K.",R,1961.0,54,Z000018,https://raw.githubusercontent.com/unitedstates/images/gh-pages/congress/225x275/Z000018.jpg,https://raw.githubusercontent.com/unitedstates/images/gh-pages/congress/225x275/Z000018.jpg
Baby Boomer,"Dingell, Debbie",D,1953.0,238,D000624,https://raw.githubusercontent.com/unitedstates/images/gh-pages/congress/225x275/D000624.jpg,https://raw.githubusercontent.com/unitedstates/images/gh-pages/congress/225x275/D000624.jpg
Baby Boomer,"Moolenaar, John R.",R,1961.0,88,M001194,https://raw.githubusercontent.com/unitedstates/images/gh-pages/congress/225x275/M001194.jpg,https://raw.githubusercontent.com/unitedstates/images/gh-pages/congress/225x275/M001194.jpg
Baby Boomer,"Frankel, Lois",D,1948.0,93,F000462,https://raw.githubusercontent.com/unitedstates/images/gh-pages/congress/225x275/F000462.jpg,https://raw.githubusercontent.com/unitedstates/images/gh-pages/congress/225x275/F000462.jpg
Baby Boomer,"Walberg, Tim",R,1951.0,214,W000798,https://raw.githubusercontent.com/unitedstates/images/gh-pages/congress/225x275/W000798.jpg,https://raw.githubusercontent.com/unitedstates/images/gh-pages/congress/225x275/W000798.jpg
Baby Boomer,"Nadler, Jerrold",D,1947.0,540,N000002,https://raw.githubusercontent.com/unitedstates/images/gh-pages/congress/225x275/N000002.jpg,https://raw.githubusercontent.com/unitedstates/images/gh-pages/congress/225x275/N000002.jpg
Baby Boomer,"Diaz-Balart, Mario",R,1961.0,108,D000600,https://raw.githubusercontent.com/unitedstates/images/gh-pages/congress/225x275/D000600.jpg,https://raw.githubusercontent.com/unitedstates/images/gh-pages/congress/225x275/D000600.jpg
Baby Boomer,"Carter, Troy A.",D,1963.0,54,C001125,https://raw.githubusercontent.com/unitedstates/images/gh-pages/congress/225x275/C001125.jpg,https://raw.githubusercontent.com/unitedstates/images/gh-pages/congress/225x275/C001125.jpg
Baby Boomer,"Kim, Young",R,1962.0,89,K000397,https://raw.githubusercontent.com/unitedstates/images/gh-pages/congress/225x275/K000397.jpg,https://raw.githubusercontent.com/unitedstates/images/gh-pages/congress/225x275/K000397.jpg
Baby Boomer,"Strickland, Marilyn",D,1962.0,51,S001159,https://raw.githubusercontent.com/unitedstates/images/gh-pages/congress/225x275/S001159.jpg,https://raw.githubusercontent.com/unitedstates/images/gh-pages/congress/225x275/S001159.jpg
Baby Boomer,"Owens, Burgess",R,1951.0,52,O000086,https://raw.githubusercontent.com/unitedstates/images/gh-pages/congress/225x275/O000086.jpg,https://raw.githubusercontent.com/unitedstates/images/gh-pages/congress/225x275/O000086.jpg
Baby Boomer,"Fitzgerald, Scott",R,1963.0,63,F000471,https://raw.githubusercontent.com/unitedstates/images/gh-pages/congress/225x275/F000471.jpg,https://raw.githubusercontent.com/unitedstates/images/gh-pages/congress/225x275/F000471.jpg
Baby Boomer,"DeSaulnier, Mark",D,1952.0,212,D000623,https://raw.githubusercontent.com/unitedstates/images/gh-pages/congress/225x275/D000623.jpg,https://raw.githubusercontent.com/unitedstates/images/gh-pages/congress/225x275/D000623.jpg
Baby Boomer,"Peters, Scott H.",D,1958.0,226,P000608,https://raw.githubusercontent.com/unitedstates/images/gh-pages/congress/225x275/P000608.jpg,https://raw.githubusercontent.com/unitedstates/images/gh-pages/congress/225x275/P000608.jpg
Baby Boomer,"Vargas, Juan",D,1961.0,85,V000130,https://raw.githubusercontent.com/unitedstates/images/gh-pages/congress/225x275/V000130.jpg,https://raw.githubusercontent.com/unitedstates/images/gh-pages/congress/225x275/V000130.jpg
Baby Boomer,"Takano, Mark",D,1960.0,217,T000472,https://raw.githubusercontent.com/unitedstates/images/gh-pages/congress/225x275/T000472.jpg,https://raw.githubusercontent.com/unitedstates/images/gh-pages/congress/225x275/T000472.jpg
Baby Boomer,"Chu, Judy",D,1953.0,236,C001080,https://raw.githubusercontent.com/unitedstates/images/gh-pages/congress/225x275/C001080.jpg,https://raw.githubusercontent.com/unitedstates/images/gh-pages/congress/225x275/C001080.jpg
Baby Boomer,"Schweikert, David",R,1962.0,178,S001183,https://raw.githubusercontent.com/unitedstates/images/gh-pages/congress/225x275/S001183.jpg,https://raw.githubusercontent.com/unitedstates/images/gh-pages/congress/225x275/S001183.jpg
Baby Boomer,"Gosar, Paul A.",R,1958.0,363,G000565,https://raw.githubusercontent.com/unitedstates/images/gh-pages/congress/225x275/G000565.jpg,https://raw.githubusercontent.com/unitedstates/images/gh-pages/congress/225x275/G000565.jpg
Baby Boomer,"McClintock, Tom",R,1956.0,151,M001177,https://raw.githubusercontent.com/unitedstates/images/gh-pages/congress/225x275/M001177.jpg,https://raw.githubusercontent.com/unitedstates/images/gh-pages/congress/225x275/M001177.jpg
Baby Boomer,"Thompson, Mike",D,1951.0,352,T000460,https://raw.githubusercontent.com/unitedstates/images/gh-pages/congress/225x275/T000460.jpg,https://raw.githubusercontent.com/unitedstates/images/gh-pages/congress/225x275/T000460.jpg
Baby Boomer,"Sherman, Brad",D,1954.0,224,S000344,https://raw.githubusercontent.com/unitedstates/images/gh-pages/congress/225x275/S000344.jpg,https://raw.githubusercontent.com/unitedstates/images/gh-pages/congress/225x275/S000344.jpg
Baby Boomer,"Sessions, Pete",R,1955.0,449,S000250,https://raw.githubusercontent.com/unitedstates/images/gh-pages/congress/225x275/S000250.jpg,https://raw.githubusercontent.com/unitedstates/images/gh-pages/congress/225x275/S000250.jpg
Baby Boomer,"Costa, Jim",D,1952.0,180,C001059,https://raw.githubusercontent.com/unitedstates/images/gh-pages/congress/225x275/C001059.jpg,https://raw.githubusercontent.com/unitedstates/images/gh-pages/congress/225x275/C001059.jpg
Baby Boomer,"Issa, Darrell",R,1953.0,383,I000056,https://raw.githubusercontent.com/unitedstates/images/gh-pages/congress/225x275/I000056.jpg,https://raw.githubusercontent.com/unitedstates/images/gh-pages/congress/225x275/I000056.jpg
Baby Boomer,"Calvert, Ken",R,1953.0,277,C000059,https://raw.githubusercontent.com/unitedstates/images/gh-pages/congress/225x275/C000059.jpg,https://raw.githubusercontent.com/unitedstates/images/gh-pages/congress/225x275/C000059.jpg
Baby Boomer,"Lofgren, Zoe",D,1947.0,364,L000397,https://raw.githubusercontent.com/unitedstates/images/gh-pages/congress/225x275/L000397.jpg,https://raw.githubusercontent.com/unitedstates/images/gh-pages/congress/225x275/L000397.jpg
Baby Boomer,"Salazar, Maria Elvira",R,1961.0,65,S000168,https://raw.githubusercontent.com/unitedstates/images/gh-pages/congress/225x275/S000168.jpg,https://raw.githubusercontent.com/unitedstates/images/gh-pages/congress/225x275/S000168.jpg
Baby Boomer,"Ross, Deborah K.",D,1963.0,68,R000305,https://raw.githubusercontent.com/unitedstates/images/gh-pages/congress/225x275/R000305.jpg,https://raw.githubusercontent.com/unitedstates/images/gh-pages/congress/225x275/R000305.jpg
Baby Boomer,"Miller, Mary E.",R,1959.0,74,M001211,https://raw.githubusercontent.com/unitedstates/images/gh-pages/congress/225x275/M001211.jpg,https://raw.githubusercontent.com/unitedstates/images/gh-pages/congress/225x275/M001211.jpg
Baby Boomer,"Leger Fernandez, Teresa",D,1959.0,85,L000273,https://raw.githubusercontent.com/unitedstates/images/gh-pages/congress/225x275/L000273.jpg,https://raw.githubusercontent.com/unitedstates/images/gh-pages/congress/225x275/L000273.jpg
Baby Boomer,"Harshbarger, Diana",R,1960.0,63,H001086,https://raw.githubusercontent.com/unitedstates/images/gh-pages/congress/225x275/H001086.jpg,https://raw.githubusercontent.com/unitedstates/images/gh-pages/congress/225x275/H001086.jpg
Baby Boomer,"Clyde, Andrew S.",R,1963.0,73,C001116,https://raw.githubusercontent.com/unitedstates/images/gh-pages/congress/225x275/C001116.jpg,https://raw.githubusercontent.com/unitedstates/images/gh-pages/congress/225x275/C001116.jpg
Baby Boomer,"Bentz, Cliff",R,1952.0,20,B000668,https://raw.githubusercontent.com/unitedstates/images/gh-pages/congress/225x275/B000668.jpg,https://raw.githubusercontent.com/unitedstates/images/gh-pages/congress/225x275/B000668.jpg
Baby Boomer,"Tiffany, Thomas P.",R,1957.0,66,T000165,https://raw.githubusercontent.com/unitedstates/images/gh-pages/congress/225x275/T000165.jpg,https://raw.githubusercontent.com/unitedstates/images/gh-pages/congress/225x275/T000165.jpg
Baby Boomer,"Murphy, Gregory F.",R,1963.0,108,M001210,https://raw.githubusercontent.com/unitedstates/images/gh-pages/congress/225x275/M001210.jpg,https://raw.githubusercontent.com/unitedstates/images/gh-pages/congress/225x275/M001210.jpg
Baby Boomer,"Garcia, Sylvia R.",D,1950.0,77,G000587,https://raw.githubusercontent.com/unitedstates/images/gh-pages/congress/225x275/G000587.jpg,https://raw.githubusercontent.com/unitedstates/images/gh-pages/congress/225x275/G000587.jpg
Baby Boomer,"Burchett, Tim",R,1964.0,123,B001309,https://raw.githubusercontent.com/unitedstates/images/gh-pages/congress/225x275/B001309.jpg,https://raw.githubusercontent.com/unitedstates/images/gh-pages/congress/225x275/B001309.jpg
Baby Boomer,"Joyce, John",R,1957.0,54,J000302,https://raw.githubusercontent.com/unitedstates/images/gh-pages/congress/225x275/J000302.jpg,https://raw.githubusercontent.com/unitedstates/images/gh-pages/congress/225x275/J000302.jpg
Baby Boomer,"Meuser, Daniel",R,1964.0,60,M001204,https://raw.githubusercontent.com/unitedstates/images/gh-pages/congress/225x275/M001204.jpg,https://raw.githubusercontent.com/unitedstates/images/gh-pages/congress/225x275/M001204.jpg
Baby Boomer,"Dean, Madeleine",D,1959.0,109,D000631,https://raw.githubusercontent.com/unitedstates/images/gh-pages/congress/225x275/D000631.jpg,https://raw.githubusercontent.com/unitedstates/images/gh-pages/congress/225x275/D000631.jpg
Baby Boomer,"Van Drew, Jefferson",D,1953.0,154,V000133,https://raw.githubusercontent.com/unitedstates/images/gh-pages/congress/225x275/V000133.jpg,https://raw.githubusercontent.com/unitedstates/images/gh-pages/congress/225x275/V000133.jpg
Baby Boomer,"García, Jesús G. ""Chuy""",D,1956.0,65,G000586,https://raw.githubusercontent.com/unitedstates/images/gh-pages/congress/225x275/G000586.jpg,https://raw.githubusercontent.com/unitedstates/images/gh-pages/congress/225x275/G000586.jpg
Baby Boomer,"Smucker, Lloyd",R,1964.0,99,S001199,https://raw.githubusercontent.com/unitedstates/images/gh-pages/congress/225x275/S001199.jpg,https://raw.githubusercontent.com/unitedstates/images/gh-pages/congress/225x275/S001199.jpg
Baby Boomer,"Evans, Dwight",D,1954.0,58,E000296,https://raw.githubusercontent.com/unitedstates/images/gh-pages/congress/225x275/E000296.jpg,https://raw.githubusercontent.com/unitedstates/images/gh-pages/congress/225x275/E000296.jpg
Baby Boomer,"Perry, Scott",R,1962.0,306,P000605,https://raw.githubusercontent.com/unitedstates/images/gh-pages/congress/225x275/P000605.jpg,https://raw.githubusercontent.com/unitedstates/images/gh-pages/congress/225x275/P000605.jpg
Baby Boomer,"Kelly, Mike",R,1948.0,177,K000376,https://raw.githubusercontent.com/unitedstates/images/gh-pages/congress/225x275/K000376.jpg,https://raw.githubusercontent.com/unitedstates/images/gh-pages/congress/225x275/K000376.jpg
Baby Boomer,"Thompson, Glenn",R,1959.0,155,T000467,https://raw.githubusercontent.com/unitedstates/images/gh-pages/congress/225x275/T000467.jpg,https://raw.githubusercontent.com/unitedstates/images/gh-pages/congress/225x275/T000467.jpg
Baby Boomer,"Mfume, Kweisi",D,1948.0,88,M000687,https://raw.githubusercontent.com/unitedstates/images/gh-pages/congress/225x275/M000687.jpg,https://raw.githubusercontent.com/unitedstates/images/gh-pages/congress/225x275/M000687.jpg
Baby Boomer,"Fulcher, Russ",R,1962.0,44,F000469,https://raw.githubusercontent.com/unitedstates/images/gh-pages/congress/225x275/F000469.jpg,https://raw.githubusercontent.com/unitedstates/images/gh-pages/congress/225x275/F000469.jpg
Baby Boomer,"Hern, Kevin",R,1961.0,69,H001082,https://raw.githubusercontent.com/unitedstates/images/gh-pages/congress/225x275/H001082.jpg,https://raw.githubusercontent.com/unitedstates/images/gh-pages/congress/225x275/H001082.jpg
Baby Boomer,"Morelle, Joseph D.",D,1957.0,124,M001206,https://raw.githubusercontent.com/unitedstates/images/gh-pages/congress/225x275/M001206.jpg,https://raw.githubusercontent.com/unitedstates/images/gh-pages/congress/225x275/M001206.jpg
Baby Boomer,"Balderson, Troy",R,1962.0,56,B001306,https://raw.githubusercontent.com/unitedstates/images/gh-pages/congress/225x275/B001306.jpg,https://raw.githubusercontent.com/unitedstates/images/gh-pages/congress/225x275/B001306.jpg
Baby Boomer,"Norman, Ralph",R,1953.0,168,N000190,https://raw.githubusercontent.com/unitedstates/images/gh-pages/congress/225x275/N000190.jpg,https://raw.githubusercontent.com/unitedstates/images/gh-pages/congress/225x275/N000190.jpg
Baby Boomer,"Estes, Ron",R,1956.0,60,E000298,https://raw.githubusercontent.com/unitedstates/images/gh-pages/congress/225x275/E000298.jpg,https://raw.githubusercontent.com/unitedstates/images/gh-pages/congress/225x275/E000298.jpg
Baby Boomer,"Espaillat, Adriano",D,1954.0,214,E000297,https://raw.githubusercontent.com/unitedstates/images/gh-pages/congress/225x275/E000297.jpg,https://raw.githubusercontent.com/unitedstates/images/gh-pages/congress/225x275/E000297.jpg
Baby Boomer,"Bacon, Don",R,1963.0,182,B001298,https://raw.githubusercontent.com/unitedstates/images/gh-pages/congress/225x275/B001298.jpg,https://raw.githubusercontent.com/unitedstates/images/gh-pages/congress/225x275/B001298.jpg
Baby Boomer,"Bergman, Jack",R,1947.0,93,B001301,https://raw.githubusercontent.com/unitedstates/images/gh-pages/congress/225x275/B001301.jpg,https://raw.githubusercontent.com/unitedstates/images/gh-pages/congress/225x275/B001301.jpg
Baby Boomer,"Raskin, Jamie",D,1962.0,120,R000606,https://raw.githubusercontent.com/unitedstates/images/gh-pages/congress/225x275/R000606.jpg,https://raw.githubusercontent.com/unitedstates/images/gh-pages/congress/225x275/R000606.jpg
Baby Boomer,"Higgins, Clay",R,1961.0,153,H001077,https://raw.githubusercontent.com/unitedstates/images/gh-pages/congress/225x275/H001077.jpg,https://raw.githubusercontent.com/unitedstates/images/gh-pages/congress/225x275/H001077.jpg
Baby Boomer,"Dunn, Neal P.",R,1953.0,83,D000628,https://raw.githubusercontent.com/unitedstates/images/gh-pages/congress/225x275/D000628.jpg,https://raw.githubusercontent.com/unitedstates/images/gh-pages/congress/225x275/D000628.jpg
Baby Boomer,"Correa, J. Luis",D,1958.0,115,C001110,https://raw.githubusercontent.com/unitedstates/images/gh-pages/congress/225x275/C001110.jpg,https://raw.githubusercontent.com/unitedstates/images/gh-pages/congress/225x275/C001110.jpg
Baby Boomer,"Carbajal, Salud O.",D,1964.0,139,C001112,https://raw.githubusercontent.com/unitedstates/images/gh-pages/congress/225x275/C001112.jpg,https://raw.githubusercontent.com/unitedstates/images/gh-pages/congress/225x275/C001112.jpg
Baby Boomer,"Schneider, Bradley Scott",D,1961.0,209,S001190,https://raw.githubusercontent.com/unitedstates/images/gh-pages/congress/225x275/S001190.jpg,https://raw.githubusercontent.com/unitedstates/images/gh-pages/congress/225x275/S001190.jpg
Baby Boomer,"Webster, Daniel",R,1949.0,57,W000806,https://raw.githubusercontent.com/unitedstates/images/gh-pages/congress/225x275/W000806.jpg,https://raw.githubusercontent.com/unitedstates/images/gh-pages/congress/225x275/W000806.jpg
Baby Boomer,"Case, Ed",D,1952.0,129,C001055,https://raw.githubusercontent.com/unitedstates/images/gh-pages/congress/225x275/C001055.jpg,https://raw.githubusercontent.com/unitedstates/images/gh-pages/congress/225x275/C001055.jpg
Baby Boomer,"Biggs, Andy",R,1958.0,915,B001302,https://raw.githubusercontent.com/unitedstates/images/gh-pages/congress/225x275/B001302.jpg,https://raw.githubusercontent.com/unitedstates/images/gh-pages/congress/225x275/B001302.jpg
Baby Boomer,"Grothman, Glenn",R,1955.0,170,G000576,https://raw.githubusercontent.com/unitedstates/images/gh-pages/congress/225x275/G000576.jpg,https://raw.githubusercontent.com/unitedstates/images/gh-pages/congress/225x275/G000576.jpg
Baby Boomer,"Newhouse, Dan",R,1955.0,160,N000189,https://raw.githubusercontent.com/unitedstates/images/gh-pages/congress/225x275/N000189.jpg,https://raw.githubusercontent.com/unitedstates/images/gh-pages/congress/225x275/N000189.jpg
Baby Boomer,"Beyer, Donald S.",D,1950.0,233,B001292,https://raw.githubusercontent.com/unitedstates/images/gh-pages/congress/225x275/B001292.jpg,https://raw.githubusercontent.com/unitedstates/images/gh-pages/congress/225x275/B001292.jpg
Baby Boomer,"Babin, Brian",R,1948.0,99,B001291,https://raw.githubusercontent.com/unitedstates/images/gh-pages/congress/225x275/B001291.jpg,https://raw.githubusercontent.com/unitedstates/images/gh-pages/congress/225x275/B001291.jpg
Baby Boomer,"Emmer, Tom",R,1961.0,126,E000294,https://raw.githubusercontent.com/unitedstates/images/gh-pages/congress/225x275/E000294.jpg,https://raw.githubusercontent.com/unitedstates/images/gh-pages/congress/225x275/E000294.jpg
Baby Boomer,"Bost, Mike",R,1960.0,134,B001295,https://raw.githubusercontent.com/unitedstates/images/gh-pages/congress/225x275/B001295.jpg,https://raw.githubusercontent.com/unitedstates/images/gh-pages/congress/225x275/B001295.jpg
Baby Boomer,"Allen, Rick W.",R,1951.0,68,A000372,https://raw.githubusercontent.com/unitedstates/images/gh-pages/congress/225x275/A000372.jpg,https://raw.githubusercontent.com/unitedstates/images/gh-pages/congress/225x275/A000372.jpg
Baby Boomer,"Loudermilk, Barry",R,1963.0,71,L000583,https://raw.githubusercontent.com/unitedstates/images/gh-pages/congress/225x275/L000583.jpg,https://raw.githubusercontent.com/unitedstates/images/gh-pages/congress/225x275/L000583.jpg
Baby Boomer,"Carter, Earl L. ""Buddy""",R,1957.0,196,C001103,https://raw.githubusercontent.com/unitedstates/images/gh-pages/congress/225x275/C001103.jpg,https://raw.githubusercontent.com/unitedstates/images/gh-pages/congress/225x275/C001103.jpg
Baby Boomer,"Hill, J. French",R,1956.0,138,H001072,https://raw.githubusercontent.com/unitedstates/images/gh-pages/congress/225x275/H001072.jpg,https://raw.githubusercontent.com/unitedstates/images/gh-pages/congress/225x275/H001072.jpg
Baby Boomer,"Radewagen, Aumua Amata Coleman",R,1947.0,42,R000600,https://raw.githubusercontent.com/unitedstates/images/gh-pages/congress/225x275/R000600.jpg,https://raw.githubusercontent.com/unitedstates/images/gh-pages/congress/225x275/R000600.jpg
Baby Boomer,"Palmer, Gary J.",R,1954.0,107,P000609,https://raw.githubusercontent.com/unitedstates/images/gh-pages/congress/225x275/P000609.jpg,https://raw.githubusercontent.com/unitedstates/images/gh-pages/congress/225x275/P000609.jpg
Baby Boomer,"Norcross, Donald",D,1958.0,101,N000188,https://raw.githubusercontent.com/unitedstates/images/gh-pages/congress/225x275/N000188.jpg,https://raw.githubusercontent.com/unitedstates/images/gh-pages/congress/225x275/N000188.jpg
Baby Boomer,"Adams, Alma S.",D,1946.0,172,A000370,https://raw.githubusercontent.com/unitedstates/images/gh-pages/congress/225x275/A000370.jpg,https://raw.githubusercontent.com/unitedstates/images/gh-pages/congress/225x275/A000370.jpg
Baby Boomer,"Clark, Katherine M.",D,1963.0,88,C001101,https://raw.githubusercontent.com/unitedstates/images/gh-pages/congress/225x275/C001101.jpg,https://raw.githubusercontent.com/unitedstates/images/gh-pages/congress/225x275/C001101.jpg
Baby Boomer,"Clarke, Yvette D.",D,1964.0,193,C001067,https://raw.githubusercontent.com/unitedstates/images/gh-pages/congress/225x275/C001067.jpg,https://raw.githubusercontent.com/unitedstates/images/gh-pages/congress/225x275/C001067.jpg
Baby Boomer,"Tonko, Paul",D,1949.0,210,T000469,https://raw.githubusercontent.com/unitedstates/images/gh-pages/congress/225x275/T000469.jpg,https://raw.githubusercontent.com/unitedstates/images/gh-pages/congress/225x275/T000469.jpg
Baby Boomer,"Kelly, Robin L.",D,1956.0,148,K000385,https://raw.githubusercontent.com/unitedstates/images/gh-pages/congress/225x275/K000385.jpg,https://raw.githubusercontent.com/unitedstates/images/gh-pages/congress/225x275/K000385.jpg
Baby Boomer,"Meeks, Gregory W.",D,1953.0,230,M001137,https://raw.githubusercontent.com/unitedstates/images/gh-pages/congress/225x275/M001137.jpg,https://raw.githubusercontent.com/unitedstates/images/gh-pages/congress/225x275/M001137.jpg
Baby Boomer,"Velázquez, Nydia M.",D,1953.0,492,V000081,https://raw.githubusercontent.com/unitedstates/images/gh-pages/congress/225x275/V000081.jpg,https://raw.githubusercontent.com/unitedstates/images/gh-pages/congress/225x275/V000081.jpg
Baby Boomer,"Turner, Michael R.",R,1960.0,188,T000463,https://raw.githubusercontent.com/unitedstates/images/gh-pages/congress/225x275/T000463.jpg,https://raw.githubusercontent.com/unitedstates/images/gh-pages/congress/225x275/T000463.jpg
Baby Boomer,"Pocan, Mark",D,1964.0,155,P000607,https://raw.githubusercontent.com/unitedstates/images/gh-pages/congress/225x275/P000607.jpg,https://raw.githubusercontent.com/unitedstates/images/gh-pages/congress/225x275/P000607.jpg
Baby Boomer,"Williams, Roger",R,1949.0,133,W000816,https://raw.githubusercontent.com/unitedstates/images/gh-pages/congress/225x275/W000816.jpg,https://raw.githubusercontent.com/unitedstates/images/gh-pages/congress/225x275/W000816.jpg
Baby Boomer,"Weber, Randy K. Sr.",R,1953.0,99,W000814,https://raw.githubusercontent.com/unitedstates/images/gh-pages/congress/225x275/W000814.jpg,https://raw.githubusercontent.com/unitedstates/images/gh-pages/congress/225x275/W000814.jpg
Baby Boomer,"Joyce, David P.",R,1957.0,135,J000295,https://raw.githubusercontent.com/unitedstates/images/gh-pages/congress/225x275/J000295.jpg,https://raw.githubusercontent.com/unitedstates/images/gh-pages/congress/225x275/J000295.jpg
Baby Boomer,"Beatty, Joyce",D,1950.0,170,B001281,https://raw.githubusercontent.com/unitedstates/images/gh-pages/congress/225x275/B001281.jpg,https://raw.githubusercontent.com/unitedstates/images/gh-pages/congress/225x275/B001281.jpg
Baby Boomer,"Wagner, Ann",R,1962.0,128,W000812,https://raw.githubusercontent.com/unitedstates/images/gh-pages/congress/225x275/W000812.jpg,https://raw.githubusercontent.com/unitedstates/images/gh-pages/congress/225x275/W000812.jpg
Baby Boomer,"Brownley, Julia",D,1952.0,295,B001285,https://raw.githubusercontent.com/unitedstates/images/gh-pages/congress/225x275/B001285.jpg,https://raw.githubusercontent.com/unitedstates/images/gh-pages/congress/225x275/B001285.jpg
Baby Boomer,"Huffman, Jared",D,1964.0,232,H001068,https://raw.githubusercontent.com/unitedstates/images/gh-pages/congress/225x275/H001068.jpg,https://raw.githubusercontent.com/unitedstates/images/gh-pages/congress/225x275/H001068.jpg
Baby Boomer,"LaMalfa, Doug",R,1960.0,128,L000578,https://raw.githubusercontent.com/unitedstates/images/gh-pages/congress/225x275/L000578.jpg,https://raw.githubusercontent.com/unitedstates/images/gh-pages/congress/225x275/L000578.jpg
Baby Boomer,"DelBene, Suzan K.",D,1962.0,145,D000617,https://raw.githubusercontent.com/unitedstates/images/gh-pages/congress/225x275/D000617.jpg,https://raw.githubusercontent.com/unitedstates/images/gh-pages/congress/225x275/D000617.jpg
Baby Boomer,"Bonamici, Suzanne",D,1954.0,264,B001278,https://raw.githubusercontent.com/unitedstates/images/gh-pages/congress/225x275/B001278.jpg,https://raw.githubusercontent.com/unitedstates/images/gh-pages/congress/225x275/B001278.jpg
Baby Boomer,"Amodei, Mark E.",R,1958.0,105,A000369,https://raw.githubusercontent.com/unitedstates/images/gh-pages/congress/225x275/A000369.jpg,https://raw.githubusercontent.com/unitedstates/images/gh-pages/congress/225x275/A000369.jpg
Baby Boomer,"Wittman, Robert J.",R,1959.0,205,W000804,https://raw.githubusercontent.com/unitedstates/images/gh-pages/congress/225x275/W000804.jpg,https://raw.githubusercontent.com/unitedstates/images/gh-pages/congress/225x275/W000804.jpg
Baby Boomer,"Latta, Robert E.",R,1956.0,232,L000566,https://raw.githubusercontent.com/unitedstates/images/gh-pages/congress/225x275/L000566.jpg,https://raw.githubusercontent.com/unitedstates/images/gh-pages/congress/225x275/L000566.jpg
Baby Boomer,"Griffith, H. Morgan",R,1958.0,206,G000568,https://raw.githubusercontent.com/unitedstates/images/gh-pages/congress/225x275/G000568.jpg,https://raw.githubusercontent.com/unitedstates/images/gh-pages/congress/225x275/G000568.jpg
Baby Boomer,"DesJarlais, Scott",R,1964.0,52,D000616,https://raw.githubusercontent.com/unitedstates/images/gh-pages/congress/225x275/D000616.jpg,https://raw.githubusercontent.com/unitedstates/images/gh-pages/congress/225x275/D000616.jpg
Baby Boomer,"Fleischmann, Charles J. ""Chuck""",R,1962.0,49,F000459,https://raw.githubusercontent.com/unitedstates/images/gh-pages/congress/225x275/F000459.jpg,https://raw.githubusercontent.com/unitedstates/images/gh-pages/congress/225x275/F000459.jpg
Baby Boomer,"Harris, Andy",R,1957.0,47,H001052,https://raw.githubusercontent.com/unitedstates/images/gh-pages/congress/225x275/H001052.jpg,https://raw.githubusercontent.com/unitedstates/images/gh-pages/congress/225x275/H001052.jpg
Baby Boomer,"Keating, William R.",D,1952.0,165,K000375,https://raw.githubusercontent.com/unitedstates/images/gh-pages/congress/225x275/K000375.jpg,https://raw.githubusercontent.com/unitedstates/images/gh-pages/congress/225x275/K000375.jpg
Baby Boomer,"Womack, Steve",R,1957.0,61,W000809,https://raw.githubusercontent.com/unitedstates/images/gh-pages/congress/225x275/W000809.jpg,https://raw.githubusercontent.com/unitedstates/images/gh-pages/congress/225x275/W000809.jpg
Baby Boomer,"Cohen, Steve",D,1949.0,479,C001068,https://raw.githubusercontent.com/unitedstates/images/gh-pages/congress/225x275/C001068.jpg,https://raw.githubusercontent.com/unitedstates/images/gh-pages/congress/225x275/C001068.jpg
Baby Boomer,"Jordan, Jim",R,1964.0,55,J000289,https://raw.githubusercontent.com/unitedstates/images/gh-pages/congress/225x275/J000289.jpg,https://raw.githubusercontent.com/unitedstates/images/gh-pages/congress/225x275/J000289.jpg
Baby Boomer,"Buchanan, Vern",R,1951.0,207,B001260,https://raw.githubusercontent.com/unitedstates/images/gh-pages/congress/225x275/B001260.jpg,https://raw.githubusercontent.com/unitedstates/images/gh-pages/congress/225x275/B001260.jpg
Baby Boomer,"Bilirakis, Gus M.",R,1963.0,287,B001257,https://raw.githubusercontent.com/unitedstates/images/gh-pages/congress/225x275/B001257.jpg,https://raw.githubusercontent.com/unitedstates/images/gh-pages/congress/225x275/B001257.jpg
Baby Boomer,"Quigley, Mike",D,1958.0,188,Q000023,https://raw.githubusercontent.com/unitedstates/images/gh-pages/congress/225x275/Q000023.jpg,https://raw.githubusercontent.com/unitedstates/images/gh-pages/congress/225x275/Q000023.jpg
Baby Boomer,"Titus, Dina",D,1950.0,225,T000468,https://raw.githubusercontent.com/unitedstates/images/gh-pages/congress/225x275/T000468.jpg,https://raw.githubusercontent.com/unitedstates/images/gh-pages/congress/225x275/T000468.jpg
Baby Boomer,"Pingree, Chellie",D,1955.0,172,P000597,https://raw.githubusercontent.com/unitedstates/images/gh-pages/congress/225x275/P000597.jpg,https://raw.githubusercontent.com/unitedstates/images/gh-pages/congress/225x275/P000597.jpg
Baby Boomer,"Guthrie, Brett",R,1964.0,132,G000558,https://raw.githubusercontent.com/unitedstates/images/gh-pages/congress/225x275/G000558.jpg,https://raw.githubusercontent.com/unitedstates/images/gh-pages/congress/225x275/G000558.jpg
Baby Boomer,"Foster, Bill",D,1955.0,262,F000454,https://raw.githubusercontent.com/unitedstates/images/gh-pages/congress/225x275/F000454.jpg,https://raw.githubusercontent.com/unitedstates/images/gh-pages/congress/225x275/F000454.jpg
Baby Boomer,"McGovern, James P.",D,1959.0,416,M000312,https://raw.githubusercontent.com/unitedstates/images/gh-pages/congress/225x275/M000312.jpg,https://raw.githubusercontent.com/unitedstates/images/gh-pages/congress/225x275/M000312.jpg
Baby Boomer,"Neal, Richard E.",D,1949.0,234,N000015,https://raw.githubusercontent.com/unitedstates/images/gh-pages/congress/225x275/N000015.jpg,https://raw.githubusercontent.com/unitedstates/images/gh-pages/congress/225x275/N000015.jpg
Baby Boomer,"Moore, Gwen",D,1951.0,270,M001160,https://raw.githubusercontent.com/unitedstates/images/gh-pages/congress/225x275/M001160.jpg,https://raw.githubusercontent.com/unitedstates/images/gh-pages/congress/225x275/M001160.jpg
Baby Boomer,"Lynch, Stephen F.",D,1955.0,246,L000562,https://raw.githubusercontent.com/unitedstates/images/gh-pages/congress/225x275/L000562.jpg,https://raw.githubusercontent.com/unitedstates/images/gh-pages/congress/225x275/L000562.jpg
Baby Boomer,"Johnson, Henry C. ""Hank""",D,1954.0,251,J000288,https://raw.githubusercontent.com/unitedstates/images/gh-pages/congress/225x275/J000288.jpg,https://raw.githubusercontent.com/unitedstates/images/gh-pages/congress/225x275/J000288.jpg
Baby Boomer,"Courtney, Joe",D,1953.0,183,C001069,https://raw.githubusercontent.com/unitedstates/images/gh-pages/congress/225x275/C001069.jpg,https://raw.githubusercontent.com/unitedstates/images/gh-pages/congress/225x275/C001069.jpg
Baby Boomer,"Pallone, Frank",D,1951.0,572,P000034,https://raw.githubusercontent.com/unitedstates/images/gh-pages/congress/225x275/P000034.jpg,https://raw.githubusercontent.com/unitedstates/images/gh-pages/congress/225x275/P000034.jpg
Baby Boomer,"Simpson, Michael K.",R,1950.0,158,S001148,https://raw.githubusercontent.com/unitedstates/images/gh-pages/congress/225x275/S001148.jpg,https://raw.githubusercontent.com/unitedstates/images/gh-pages/congress/225x275/S001148.jpg
Baby Boomer,"Larson, John B.",D,1948.0,249,L000557,https://raw.githubusercontent.com/unitedstates/images/gh-pages/congress/225x275/L000557.jpg,https://raw.githubusercontent.com/unitedstates/images/gh-pages/congress/225x275/L000557.jpg
Baby Boomer,"DeGette, Diana",D,1957.0,243,D000197,https://raw.githubusercontent.com/unitedstates/images/gh-pages/congress/225x275/D000197.jpg,https://raw.githubusercontent.com/unitedstates/images/gh-pages/congress/225x275/D000197.jpg
Baby Boomer,"Thompson, Bennie G.",D,1948.0,251,T000193,https://raw.githubusercontent.com/unitedstates/images/gh-pages/congress/225x275/T000193.jpg,https://raw.githubusercontent.com/unitedstates/images/gh-pages/congress/225x275/T000193.jpg
Baby Boomer,"Smith, Christopher H.",R,1953.0,927,S000522,https://raw.githubusercontent.com/unitedstates/images/gh-pages/congress/225x275/S000522.jpg,https://raw.githubusercontent.com/unitedstates/images/gh-pages/congress/225x275/S000522.jpg
Baby Boomer,"Scott, Robert C. ""Bobby""",D,1947.0,328,S000185,https://raw.githubusercontent.com/unitedstates/images/gh-pages/congress/225x275/S000185.jpg,https://raw.githubusercontent.com/unitedstates/images/gh-pages/congress/225x275/S000185.jpg
Baby Boomer,"Bishop, Sanford D.",D,1947.0,140,B000490,https://raw.githubusercontent.com/unitedstates/images/gh-pages/congress/225x275/B000490.jpg,https://raw.githubusercontent.com/unitedstates/images/gh-pages/congress/225x275/B000490.jpg
Baby Boomer,"Lucas, Frank D.",R,1960.0,121,L000491,https://raw.githubusercontent.com/unitedstates/images/gh-pages/congress/225x275/L000491.jpg,https://raw.githubusercontent.com/unitedstates/images/gh-pages/congress/225x275/L000491.jpg
Baby Boomer,"Cuellar, Henry",D,1955.0,121,C001063,https://raw.githubusercontent.com/unitedstates/images/gh-pages/congress/225x275/C001063.jpg,https://raw.githubusercontent.com/unitedstates/images/gh-pages/congress/225x275/C001063.jpg
Baby Boomer,"McCaul, Michael T.",R,1962.0,253,M001157,https://raw.githubusercontent.com/unitedstates/images/gh-pages/congress/225x275/M001157.jpg,https://raw.githubusercontent.com/unitedstates/images/gh-pages/congress/225x275/M001157.jpg
Baby Boomer,"Cole, Tom",R,1949.0,220,C001053,https://raw.githubusercontent.com/unitedstates/images/gh-pages/congress/225x275/C001053.jpg,https://raw.githubusercontent.com/unitedstates/images/gh-pages/congress/225x275/C001053.jpg
Baby Boomer,"Rogers, Mike D.",R,1958.0,105,R000575,https://raw.githubusercontent.com/unitedstates/images/gh-pages/congress/225x275/R000575.jpg,https://raw.githubusercontent.com/unitedstates/images/gh-pages/congress/225x275/R000575.jpg
Baby Boomer,"Wilson, Joe",R,1947.0,330,W000795,https://raw.githubusercontent.com/unitedstates/images/gh-pages/congress/225x275/W000795.jpg,https://raw.githubusercontent.com/unitedstates/images/gh-pages/congress/225x275/W000795.jpg
Baby Boomer,"Graves, Sam",R,1963.0,266,G000546,https://raw.githubusercontent.com/unitedstates/images/gh-pages/congress/225x275/G000546.jpg,https://raw.githubusercontent.com/unitedstates/images/gh-pages/congress/225x275/G000546.jpg
Baby Boomer,"McCollum, Betty",D,1954.0,169,M001143,https://raw.githubusercontent.com/unitedstates/images/gh-pages/congress/225x275/M001143.jpg,https://raw.githubusercontent.com/unitedstates/images/gh-pages/congress/225x275/M001143.jpg
Baby Boomer,"Kaptur, Marcy",D,1946.0,502,K000009,https://raw.githubusercontent.com/unitedstates/images/gh-pages/congress/225x275/K000009.jpg,https://raw.githubusercontent.com/unitedstates/images/gh-pages/congress/225x275/K000009.jpg
Baby Boomer,"Wyden, Ron",D,1949.0,1858,W000779,https://raw.githubusercontent.com/unitedstates/images/gh-pages/congress/225x275/W000779.jpg,https://raw.githubusercontent.com/unitedstates/images/gh-pages/congress/225x275/W000779.jpg
Baby Boomer,"Warren, Elizabeth",D,1949.0,836,W000817,https://raw.githubusercontent.com/unitedstates/images/gh-pages/congress/225x275/W000817.jpg,https://raw.githubusercontent.com/unitedstates/images/gh-pages/congress/225x275/W000817.jpg
Baby Boomer,"Whitehouse, Sheldon",D,1955.0,697,W000802,https://raw.githubusercontent.com/unitedstates/images/gh-pages/congress/225x275/W000802.jpg,https://raw.githubusercontent.com/unitedstates/images/gh-pages/congress/225x275/W000802.jpg
Baby Boomer,"Welch, Peter",D,1947.0,629,W000800,https://raw.githubusercontent.com/unitedstates/images/gh-pages/congress/225x275/W000800.jpg,https://raw.githubusercontent.com/unitedstates/images/gh-pages/congress/225x275/W000800.jpg
Baby Boomer,"Wicker, Roger F.",R,1951.0,740,W000437,https://raw.githubusercontent.com/unitedstates/images/gh-pages/congress/225x275/W000437.jpg,https://raw.githubusercontent.com/unitedstates/images/gh-pages/congress/225x275/W000437.jpg
Baby Boomer,"Tuberville, Tommy",R,1954.0,299,T000278,https://raw.githubusercontent.com/unitedstates/images/gh-pages/congress/225x275/T000278.jpg,https://raw.githubusercontent.com/unitedstates/images/gh-pages/congress/225x275/T000278.jpg
Baby Boomer,"Tillis, Thomas",R,1960.0,664,T000476,https://raw.githubusercontent.com/unitedstates/images/gh-pages/congress/225x275/T000476.jpg,https://raw.githubusercontent.com/unitedstates/images/gh-pages/congress/225x275/T000476.jpg
Baby Boomer,"Warner, Mark R.",D,1954.0,708,W000805,https://raw.githubusercontent.com/unitedstates/images/gh-pages/congress/225x275/W000805.jpg,https://raw.githubusercontent.com/unitedstates/images/gh-pages/congress/225x275/W000805.jpg
Baby Boomer,"Van Hollen, Chris",D,1959.0,547,V000128,https://raw.githubusercontent.com/unitedstates/images/gh-pages/congress/225x275/V000128.jpg,https://raw.githubusercontent.com/unitedstates/images/gh-pages/congress/225x275/V000128.jpg
Baby Boomer,"Smith, Tina",D,1958.0,321,S001203,https://raw.githubusercontent.com/unitedstates/images/gh-pages/congress/225x275/S001203.jpg,https://raw.githubusercontent.com/unitedstates/images/gh-pages/congress/225x275/S001203.jpg
Baby Boomer,"Sullivan, Dan",R,1964.0,511,S001198,https://raw.githubusercontent.com/unitedstates/images/gh-pages/congress/225x275/S001198.jpg,https://raw.githubusercontent.com/unitedstates/images/gh-pages/congress/225x275/S001198.jpg
Baby Boomer,"Thune, John",R,1961.0,998,T000250,https://raw.githubusercontent.com/unitedstates/images/gh-pages/congress/225x275/T000250.jpg,https://raw.githubusercontent.com/unitedstates/images/gh-pages/congress/225x275/T000250.jpg
Baby Boomer,"Scott, Rick",R,1952.0,585,S001217,https://raw.githubusercontent.com/unitedstates/images/gh-pages/congress/225x275/S001217.jpg,https://raw.githubusercontent.com/unitedstates/images/gh-pages/congress/225x275/S001217.jpg
Baby Boomer,"Shaheen, Jeanne",D,1947.0,1121,S001181,https://raw.githubusercontent.com/unitedstates/images/gh-pages/congress/225x275/S001181.jpg,https://raw.githubusercontent.com/unitedstates/images/gh-pages/congress/225x275/S001181.jpg
Baby Boomer,"Schumer, Charles E.",D,1950.0,2422,S000148,https://raw.githubusercontent.com/unitedstates/images/gh-pages/congress/225x275/S000148.jpg,https://raw.githubusercontent.com/unitedstates/images/gh-pages/congress/225x275/S000148.jpg
Baby Boomer,"Schiff, Adam B.",D,1960.0,435,S001150,https://raw.githubusercontent.com/unitedstates/images/gh-pages/congress/225x275/S001150.jpg,https://raw.githubusercontent.com/unitedstates/images/gh-pages/congress/225x275/S001150.jpg
Baby Boomer,"Rosen, Jacky",D,1957.0,425,R000608,https://raw.githubusercontent.com/unitedstates/images/gh-pages/congress/225x275/R000608.jpg,https://raw.githubusercontent.com/unitedstates/images/gh-pages/congress/225x275/R000608.jpg
Baby Boomer,"Rounds, Mike",R,1954.0,382,R000605,https://raw.githubusercontent.com/unitedstates/images/gh-pages/congress/225x275/R000605.jpg,https://raw.githubusercontent.com/unitedstates/images/gh-pages/congress/225x275/R000605.jpg
Baby Boomer,"Ricketts, Pete",R,1964.0,95,R000618,https://raw.githubusercontent.com/unitedstates/images/gh-pages/congress/225x275/R000618.jpg,https://raw.githubusercontent.com/unitedstates/images/gh-pages/congress/225x275/R000618.jpg
Baby Boomer,"Paul, Rand",R,1963.0,1078,P000603,https://raw.githubusercontent.com/unitedstates/images/gh-pages/congress/225x275/P000603.jpg,https://raw.githubusercontent.com/unitedstates/images/gh-pages/congress/225x275/P000603.jpg
Baby Boomer,"Peters, Gary C.",D,1958.0,844,P000595,https://raw.githubusercontent.com/unitedstates/images/gh-pages/congress/225x275/P000595.jpg,https://raw.githubusercontent.com/unitedstates/images/gh-pages/congress/225x275/P000595.jpg
Baby Boomer,"Reed, Jack",D,1949.0,1234,R000122,https://raw.githubusercontent.com/unitedstates/images/gh-pages/congress/225x275/R000122.jpg,https://raw.githubusercontent.com/unitedstates/images/gh-pages/congress/225x275/R000122.jpg
Baby Boomer,"Murray, Patty",D,1950.0,1161,M001111,https://raw.githubusercontent.com/unitedstates/images/gh-pages/congress/225x275/M001111.jpg,https://raw.githubusercontent.com/unitedstates/images/gh-pages/congress/225x275/M001111.jpg
Baby Boomer,"Murkowski, Lisa",R,1957.0,1172,M001153,https://raw.githubusercontent.com/unitedstates/images/gh-pages/congress/225x275/M001153.jpg,https://raw.githubusercontent.com/unitedstates/images/gh-pages/congress/225x275/M001153.jpg
Baby Boomer,"Merkley, Jeff",D,1956.0,1150,M001176,https://raw.githubusercontent.com/unitedstates/images/gh-pages/congress/225x275/M001176.jpg,https://raw.githubusercontent.com/unitedstates/images/gh-pages/congress/225x275/M001176.jpg
Baby Boomer,"Moran, Jerry",R,1954.0,747,M000934,https://raw.githubusercontent.com/unitedstates/images/gh-pages/congress/225x275/M000934.jpg,https://raw.githubusercontent.com/unitedstates/images/gh-pages/congress/225x275/M000934.jpg
Baby Boomer,"Marshall, Roger",R,1960.0,483,M001198,https://raw.githubusercontent.com/unitedstates/images/gh-pages/congress/225x275/M001198.jpg,https://raw.githubusercontent.com/unitedstates/images/gh-pages/congress/225x275/M001198.jpg
Baby Boomer,"Lummis, Cynthia M.",R,1954.0,229,L000571,https://raw.githubusercontent.com/unitedstates/images/gh-pages/congress/225x275/L000571.jpg,https://raw.githubusercontent.com/unitedstates/images/gh-pages/congress/225x275/L000571.jpg
Baby Boomer,"Markey, Edward J.",D,1946.0,1588,M000133,https://raw.githubusercontent.com/unitedstates/images/gh-pages/congress/225x275/M000133.jpg,https://raw.githubusercontent.com/unitedstates/images/gh-pages/congress/225x275/M000133.jpg
Baby Boomer,"Klobuchar, Amy",D,1960.0,1384,K000367,https://raw.githubusercontent.com/unitedstates/images/gh-pages/congress/225x275/K000367.jpg,https://raw.githubusercontent.com/unitedstates/images/gh-pages/congress/225x275/K000367.jpg
Baby Boomer,"Justice, James C.",R,1951.0,6,J000312,https://bioguide.congress.gov/bioguide/photo/J/J000312.jpg,https://bioguide.congress.gov/bioguide/photo/J/J000312.jpg
Baby Boomer,"Kelly, Mark",D,1964.0,226,K000377,https://raw.githubusercontent.com/unitedstates/images/gh-pages/congress/225x275/K000377.jpg,https://raw.githubusercontent.com/unitedstates/images/gh-pages/congress/225x275/K000377.jpg
Baby Boomer,"Hyde-Smith, Cindy",R,1959.0,144,H001079,https://raw.githubusercontent.com/unitedstates/images/gh-pages/congress/225x275/H001079.jpg,https://raw.githubusercontent.com/unitedstates/images/gh-pages/congress/225x275/H001079.jpg
Baby Boomer,"Kennedy, John",R,1951.0,624,K000393,https://raw.githubusercontent.com/unitedstates/images/gh-pages/congress/225x275/K000393.jpg,https://raw.githubusercontent.com/unitedstates/images/gh-pages/congress/225x275/K000393.jpg
Baby Boomer,"Kaine, Tim",D,1958.0,539,K000384,https://raw.githubusercontent.com/unitedstates/images/gh-pages/congress/225x275/K000384.jpg,https://raw.githubusercontent.com/unitedstates/images/gh-pages/congress/225x275/K000384.jpg
Baby Boomer,"Johnson, Ron",R,1955.0,591,J000293,https://raw.githubusercontent.com/unitedstates/images/gh-pages/congress/225x275/J000293.jpg,https://raw.githubusercontent.com/unitedstates/images/gh-pages/congress/225x275/J000293.jpg
Baby Boomer,"Hickenlooper, John W.",D,1952.0,200,H000273,https://raw.githubusercontent.com/unitedstates/images/gh-pages/congress/225x275/H000273.jpg,https://raw.githubusercontent.com/unitedstates/images/gh-pages/congress/225x275/H000273.jpg
Baby Boomer,"Hoeven, John",R,1957.0,487,H001061,https://raw.githubusercontent.com/unitedstates/images/gh-pages/congress/225x275/H001061.jpg,https://raw.githubusercontent.com/unitedstates/images/gh-pages/congress/225x275/H001061.jpg
Baby Boomer,"Hirono, Mazie K.",D,1947.0,725,H001042,https://raw.githubusercontent.com/unitedstates/images/gh-pages/congress/225x275/H001042.jpg,https://raw.githubusercontent.com/unitedstates/images/gh-pages/congress/225x275/H001042.jpg
Baby Boomer,"Hagerty, Bill",R,1959.0,311,H000601,https://raw.githubusercontent.com/unitedstates/images/gh-pages/congress/225x275/H000601.jpg,https://raw.githubusercontent.com/unitedstates/images/gh-pages/congress/225x275/H000601.jpg
Baby Boomer,"Hassan, Margaret Wood",D,1958.0,349,H001076,https://raw.githubusercontent.com/unitedstates/images/gh-pages/congress/225x275/H001076.jpg,https://raw.githubusercontent.com/unitedstates/images/gh-pages/congress/225x275/H001076.jpg
Baby Boomer,"Graham, Lindsey",R,1955.0,744,G000359,https://raw.githubusercontent.com/unitedstates/images/gh-pages/congress/225x275/G000359.jpg,https://raw.githubusercontent.com/unitedstates/images/gh-pages/congress/225x275/G000359.jpg
Baby Boomer,"Fischer, Deb",R,1951.0,335,F000463,https://raw.githubusercontent.com/unitedstates/images/gh-pages/congress/225x275/F000463.jpg,https://raw.githubusercontent.com/unitedstates/images/gh-pages/congress/225x275/F000463.jpg
Baby Boomer,"Curtis, John R.",R,1960.0,176,C001114,https://raw.githubusercontent.com/unitedstates/images/gh-pages/congress/225x275/C001114.jpg,https://raw.githubusercontent.com/unitedstates/images/gh-pages/congress/225x275/C001114.jpg
Baby Boomer,"Daines, Steve",R,1962.0,610,D000618,https://raw.githubusercontent.com/unitedstates/images/gh-pages/congress/225x275/D000618.jpg,https://raw.githubusercontent.com/unitedstates/images/gh-pages/congress/225x275/D000618.jpg
Baby Boomer,"Cortez Masto, Catherine",D,1964.0,602,C001113,https://raw.githubusercontent.com/unitedstates/images/gh-pages/congress/225x275/C001113.jpg,https://raw.githubusercontent.com/unitedstates/images/gh-pages/congress/225x275/C001113.jpg
Baby Boomer,"Cramer, Kevin",R,1961.0,235,C001096,https://raw.githubusercontent.com/unitedstates/images/gh-pages/congress/225x275/C001096.jpg,https://raw.githubusercontent.com/unitedstates/images/gh-pages/congress/225x275/C001096.jpg
Baby Boomer,"Crapo, Mike",R,1951.0,612,C000880,https://raw.githubusercontent.com/unitedstates/images/gh-pages/congress/225x275/C000880.jpg,https://raw.githubusercontent.com/unitedstates/images/gh-pages/congress/225x275/C000880.jpg
Baby Boomer,"Coons, Christopher A.",D,1963.0,735,C001088,https://raw.githubusercontent.com/unitedstates/images/gh-pages/congress/225x275/C001088.jpg,https://raw.githubusercontent.com/unitedstates/images/gh-pages/congress/225x275/C001088.jpg
Baby Boomer,"Cassidy, Bill",R,1957.0,662,C001075,https://raw.githubusercontent.com/unitedstates/images/gh-pages/congress/225x275/C001075.jpg,https://raw.githubusercontent.com/unitedstates/images/gh-pages/congress/225x275/C001075.jpg
Baby Boomer,"Collins, Susan M.",R,1952.0,1178,C001035,https://raw.githubusercontent.com/unitedstates/images/gh-pages/congress/225x275/C001035.jpg,https://raw.githubusercontent.com/unitedstates/images/gh-pages/congress/225x275/C001035.jpg
Baby Boomer,"Cornyn, John",R,1952.0,1556,C001056,https://raw.githubusercontent.com/unitedstates/images/gh-pages/congress/225x275/C001056.jpg,https://raw.githubusercontent.com/unitedstates/images/gh-pages/congress/225x275/C001056.jpg
Baby Boomer,"Capito, Shelley Moore",R,1953.0,383,C001047,https://raw.githubusercontent.com/unitedstates/images/gh-pages/congress/225x275/C001047.jpg,https://raw.githubusercontent.com/unitedstates/images/gh-pages/congress/225x275/C001047.jpg
Baby Boomer,"Boozman, John",R,1950.0,392,B001236,https://raw.githubusercontent.com/unitedstates/images/gh-pages/congress/225x275/B001236.jpg,https://raw.githubusercontent.com/unitedstates/images/gh-pages/congress/225x275/B001236.jpg
Baby Boomer,"Cantwell, Maria",D,1958.0,963,C000127,https://raw.githubusercontent.com/unitedstates/images/gh-pages/congress/225x275/C000127.jpg,https://raw.githubusercontent.com/unitedstates/images/gh-pages/congress/225x275/C000127.jpg
Baby Boomer,"Blunt Rochester, Lisa",D,1962.0,163,B001303,https://raw.githubusercontent.com/unitedstates/images/gh-pages/congress/225x275/B001303.jpg,https://raw.githubusercontent.com/unitedstates/images/gh-pages/congress/225x275/B001303.jpg
Baby Boomer,"Blumenthal, Richard",D,1946.0,1025,B001277,https://raw.githubusercontent.com/unitedstates/images/gh-pages/congress/225x275/B001277.jpg,https://raw.githubusercontent.com/unitedstates/images/gh-pages/congress/225x275/B001277.jpg
Baby Boomer,"Barrasso, John",R,1952.0,684,B001261,https://raw.githubusercontent.com/unitedstates/images/gh-pages/congress/225x275/B001261.jpg,https://raw.githubusercontent.com/unitedstates/images/gh-pages/congress/225x275/B001261.jpg
Baby Boomer,"Bennet, Michael F.",D,1964.0,835,B001267,https://raw.githubusercontent.com/unitedstates/images/gh-pages/congress/225x275/B001267.jpg,https://raw.githubusercontent.com/unitedstates/images/gh-pages/congress/225x275/B001267.jpg
Baby Boomer,"Blackburn, Marsha",R,1952.0,732,B001243,https://raw.githubusercontent.com/unitedstates/images/gh-pages/congress/225x275/B001243.jpg,https://raw.githubusercontent.com/unitedstates/images/gh-pages/congress/225x275/B001243.jpg
Baby Boomer,"Baldwin, Tammy",D,1962.0,713,B001230,https://raw.githubusercontent.com/unitedstates/images/gh-pages/congress/225x275/B001230.jpg,https://raw.githubusercontent.com/unitedstates/images/gh-pages/congress/225x275/B001230.jpg
Unknown,"King-Hinds, Kimberlyn",R,,9,K000404,https://bioguide.congress.gov/bioguide/photo/K/K000404.jpg,https://bioguide.congress.gov/bioguide/photo/K/K000404.jpg
Gen Z,"Frost, Maxwell",D,1997.0,32,F000476,https://raw.githubusercontent.com/unitedstates/images/gh-pages/congress/225x275/F000476.jpg,https://raw.githubusercontent.com/unitedstates/images/gh-pages/congress/225x275/F000476.jpg
Silent Generation,"Garamendi, John",D,1945.0,237,G000559,https://raw.githubusercontent.com/unitedstates/images/gh-pages/congress/225x275/G000559.jpg,https://raw.githubusercontent.com/unitedstates/images/gh-pages/congress/225x275/G000559.jpg
Silent Generation,"Matsui, Doris O.",D,1944.0,284,M001163,https://raw.githubusercontent.com/unitedstates/images/gh-pages/congress/225x275/M001163.jpg,https://raw.githubusercontent.com/unitedstates/images/gh-pages/congress/225x275/M001163.jpg
Silent Generation,"Pelosi, Nancy",D,1940.0,199,P000197,https://raw.githubusercontent.com/unitedstates/images/gh-pages/congress/225x275/P000197.jpg,https://raw.githubusercontent.com/unitedstates/images/gh-pages/congress/225x275/P000197.jpg
Silent Generation,"Baird, James R.",R,1945.0,35,B001307,https://raw.githubusercontent.com/unitedstates/images/gh-pages/congress/225x275/B001307.jpg,https://raw.githubusercontent.com/unitedstates/images/gh-pages/congress/225x275/B001307.jpg
Silent Generation,"Watson Coleman, Bonnie",D,1945.0,177,W000822,https://raw.githubusercontent.com/unitedstates/images/gh-pages/congress/225x275/W000822.jpg,https://raw.githubusercontent.com/unitedstates/images/gh-pages/congress/225x275/W000822.jpg
Silent Generation,"Wilson, Frederica S.",D,1942.0,161,W000808,https://raw.githubusercontent.com/unitedstates/images/gh-pages/congress/225x275/W000808.jpg,https://raw.githubusercontent.com/unitedstates/images/gh-pages/congress/225x275/W000808.jpg
Silent Generation,"Waters, Maxine",D,1938.0,601,W000187,https://raw.githubusercontent.com/unitedstates/images/gh-pages/congress/225x275/W000187.jpg,https://raw.githubusercontent.com/unitedstates/images/gh-pages/congress/225x275/W000187.jpg
Silent Generation,"Norton, Eleanor Holmes",D,1937.0,1094,N000147,https://raw.githubusercontent.com/unitedstates/images/gh-pages/congress/225x275/N000147.jpg,https://raw.githubusercontent.com/unitedstates/images/gh-pages/congress/225x275/N000147.jpg
Silent Generation,"Scott, David",D,1945.0,109,S001157,https://raw.githubusercontent.com/unitedstates/images/gh-pages/congress/225x275/S001157.jpg,https://raw.githubusercontent.com/unitedstates/images/gh-pages/congress/225x275/S001157.jpg
Silent Generation,"Schakowsky, Janice D.",D,1944.0,444,S001145,https://raw.githubusercontent.com/unitedstates/images/gh-pages/congress/225x275/S001145.jpg,https://raw.githubusercontent.com/unitedstates/images/gh-pages/congress/225x275/S001145.jpg
Silent Generation,"Davis, Danny K.",D,1941.0,398,D000096,https://raw.githubusercontent.com/unitedstates/images/gh-pages/congress/225x275/D000096.jpg,https://raw.githubusercontent.com/unitedstates/images/gh-pages/congress/225x275/D000096.jpg
Silent Generation,"Rogers, Harold",R,1937.0,144,R000395,https://raw.githubusercontent.com/unitedstates/images/gh-pages/congress/225x275/R000395.jpg,https://raw.githubusercontent.com/unitedstates/images/gh-pages/congress/225x275/R000395.jpg
Silent Generation,"Foxx, Virginia",R,1943.0,249,F000450,https://raw.githubusercontent.com/unitedstates/images/gh-pages/congress/225x275/F000450.jpg,https://raw.githubusercontent.com/unitedstates/images/gh-pages/congress/225x275/F000450.jpg
Silent Generation,"Cleaver, Emanuel",D,1944.0,219,C001061,https://raw.githubusercontent.com/unitedstates/images/gh-pages/congress/225x275/C001061.jpg,https://raw.githubusercontent.com/unitedstates/images/gh-pages/congress/225x275/C001061.jpg
Silent Generation,"Carter, John R.",R,1941.0,140,C001051,https://raw.githubusercontent.com/unitedstates/images/gh-pages/congress/225x275/C001051.jpg,https://raw.githubusercontent.com/unitedstates/images/gh-pages/congress/225x275/C001051.jpg
Silent Generation,"Clyburn, James E.",D,1940.0,121,C000537,https://raw.githubusercontent.com/unitedstates/images/gh-pages/congress/225x275/C000537.jpg,https://raw.githubusercontent.com/unitedstates/images/gh-pages/congress/225x275/C000537.jpg
Silent Generation,"DeLauro, Rosa L.",D,1943.0,623,D000216,https://raw.githubusercontent.com/unitedstates/images/gh-pages/congress/225x275/D000216.jpg,https://raw.githubusercontent.com/unitedstates/images/gh-pages/congress/225x275/D000216.jpg
Silent Generation,"Hoyer, Steny H.",D,1939.0,375,H000874,https://raw.githubusercontent.com/unitedstates/images/gh-pages/congress/225x275/H000874.jpg,https://raw.githubusercontent.com/unitedstates/images/gh-pages/congress/225x275/H000874.jpg
Silent Generation,"Risch, James E.",R,1943.0,626,R000584,https://raw.githubusercontent.com/unitedstates/images/gh-pages/congress/225x275/R000584.jpg,https://raw.githubusercontent.com/unitedstates/images/gh-pages/congress/225x275/R000584.jpg
Silent Generation,"Sanders, Bernard",I,1941.0,1145,S000033,https://raw.githubusercontent.com/unitedstates/images/gh-pages/congress/225x275/S000033.jpg,https://raw.githubusercontent.com/unitedstates/images/gh-pages/congress/225x275/S000033.jpg
Silent Generation,"McConnell, Mitch",R,1942.0,1294,M000355,https://raw.githubusercontent.com/unitedstates/images/gh-pages/congress/225x275/M000355.jpg,https://raw.githubusercontent.com/unitedstates/images/gh-pages/congress/225x275/M000355.jpg
Silent Generation,"King, Angus S., Jr.",I,1944.0,451,K000383,https://raw.githubusercontent.com/unitedstates/images/gh-pages/congress/225x275/K000383.jpg,https://raw.githubusercontent.com/unitedstates/images/gh-pages/congress/225x275/K000383.jpg
Silent Generation,"Grassley, Chuck",R,1933.0,2438,G000386,https://raw.githubusercontent.com/unitedstates/images/gh-pages/congress/225x275/G000386.jpg,https://raw.githubusercontent.com/unitedstates/images/gh-pages/congress/225x275/G000386.jpg
Silent Generation,"Durbin, Richard J.",D,1944.0,2063,D000563,https://raw.githubusercontent.com/unitedstates/images/gh-pages/congress/225x275/D000563.jpg,https://raw.githubusercontent.com/unitedstates/images/gh-pages/congress/225x275/D000563.jpg
